"disp_event","species","feed_datetime","feed_x","feed_y","id_feedtree","def_datetime","def_x","def_y","id_feces","n_seeds","SDD","gut_transit_time","gut_transit_time_hms","id_month","group"
"SDApr1","Celtis iguanaea",2019-04-10 14:14:00,781867.255689029,7407917.99003149,"AG75Y",2019-04-11 07:14:00,781894.405185706,7407642.48480937,"FGA1",5,276.844509788217,1020,17:00:00,"Apr","Guareí"
"SDApr2","Celtis iguanaea",2019-04-10 14:14:00,781867.255689029,7407917.99003149,"AG75Y",2019-04-11 08:24:00,781927.369882474,7407424.94936604,"FGA2",1,496.690702248426,1090,18:10:00,"Apr","Guareí"
"SDApr3","Celtis iguanaea",2019-04-10 14:14:00,781867.255689029,7407917.99003149,"AG75Y",2019-04-11 08:40:00,781940.89027332,7407383.34965821,"FGA3",2,539.68630379197,1106,18:26:00,"Apr","Guareí"
"SDApr4","Cordia ecalyculata",2019-04-11 07:41:00,781879.409381217,7407543.02522444,"AG62",2019-04-11 08:40:00,781940.89027332,7407383.34965821,"FGA3",1,171.106670823203,59,00:59:00,"Apr","Guareí"
"SDApr5","Diospyros inconstans",2019-04-11 10:19:00,782202.620636674,7407479.08508806,"AG81",2019-04-11 11:29:00,782212.139089998,7407522.12933442,"FGA6",3,44.0802903802092,70,01:10:00,"Apr","Guareí"
"SDApr6","Diospyros inconstans",2019-04-11 11:45:00,782061.387304749,7407522.57533922,"AG82",2019-04-11 12:58:00,781971.855957307,7407755.71514748,"FGA7",3,249.739625409843,73,01:13:00,"Apr","Guareí"
"SDApr7","Celtis iguanaea",2019-04-11 13:15:00,781897.188481099,7407900.23037001,"AG65",2019-04-11 14:42:00,781891.899604103,7407928.48976434,"FGA8",3,28.7508556392071,87,01:27:00,"Apr","Guareí"
"SDApr8","Celtis iguanaea",2019-04-11 13:15:00,781897.188481099,7407900.23037001,"AG65",2019-04-11 14:48:00,781893.521597567,7407927.67834575,"FGA9",2,27.6942484996172,93,01:33:00,"Apr","Guareí"
"SDApr9","Celtis iguanaea",2019-04-11 13:15:00,781897.188481099,7407900.23037001,"AG65",2019-04-11 15:34:00,781903.752078027,7407895.5618651,"FGA11",3,8.05248408931901,139,02:19:00,"Apr","Guareí"
"SDApr10","Celtis iguanaea",2019-04-11 13:15:00,781897.188481099,7407900.23037001,"AG65",2019-04-11 15:28:00,781889.564954973,7407918.55672624,"FGA10",5,19.8546165907802,133,02:13:00,"Apr","Guareí"
"SDApr11","Celtis iguanaea",2019-04-11 13:15:00,781897.188481099,7407900.23037001,"AG65",2019-04-12 06:53:00,781905.346248188,7407658.23560838,"FGA12",1,242.127540152104,1058,17:38:00,"Apr","Guareí"
"SDApr12","Celtis iguanaea",2019-04-11 13:15:00,781897.188481099,7407900.23037001,"AG65",2019-04-12 06:53:00,781905.346248188,7407658.23560838,"FGA12",5,242.127540152104,1058,17:38:00,"Apr","Guareí"
"SDApr13","Celtis iguanaea",2019-04-11 13:15:00,781897.188481099,7407900.23037001,"AG65",2019-04-12 06:53:00,781905.346248188,7407658.23560838,"FGA12",4,242.127540152104,1058,17:38:00,"Apr","Guareí"
"SDApr14","Celtis iguanaea",2019-04-11 13:15:00,781897.188481099,7407900.23037001,"AG65",2019-04-12 07:34:00,781714.976364218,7407657.33695563,"FGA13",1,303.638001904037,1099,18:14:00,"Apr","Guareí"
"SDApr15","Celtis iguanaea",2019-04-11 13:15:00,781897.188481099,7407900.23037001,"AG65",2019-04-12 08:26:00,781637.082812314,7407729.20860018,"FGA14",3,311.295763704163,1151,19:11:00,"Apr","Guareí"
"SDApr16","Annona emarginata",2019-04-11 15:47:00,781907.833815352,7407793.5161357,"AG86",2019-04-12 08:41:00,781633.291519676,7407744.79547686,"FGA16",6,278.829428145472,1014,17:06:00,"Apr","Guareí"
"SDApr17","Celtis iguanaea",2019-04-15 13:55:00,781738.951632328,7407921.43980266,"AG105",2019-04-15 15:07:00,781738.951632328,7407921.43980266,"FGA20",7,0,72,01:12:00,"Apr","Guareí"
"SDApr18","Celtis iguanaea",2019-04-15 09:19:00,781725.081311914,7407917.93345944,"AG103",2019-04-15 12:27:00,781742.793324853,7408058.13417571,"FGA21",3,141.31413269753,188,03:08:00,"Apr","Guareí"
"SDApr19","Annona emarginata",2019-04-15 13:10:00,781764.964063551,7407987.32861701,"AG61",2019-04-15 13:54:00,781738.951632328,7407921.43980266,"FGA22",1,70.8379291055032,44,00:44:00,"Apr","Guareí"
"SDApr20","Celtis iguanaea",2019-04-15 09:19:00,781725.081311914,7407917.93345944,"AG103",2019-04-15 10:37:00,781693.899382457,7407924.18771247,"FGA23",7,31.8022011817546,78,01:18:00,"Apr","Guareí"
"SDApr21","Celtis iguanaea",2019-04-15 09:19:00,781725.081311914,7407917.93345944,"AG103",2019-04-15 11:52:00,781696.547984102,7408068.00245478,"FGA24",2,152.757866573491,153,02:33:00,"Apr","Guareí"
"SDApr22","Celtis iguanaea",2019-04-15 13:55:00,781738.951632328,7407921.43980266,"AG105",2019-04-15 15:14:00,781732.981761954,7407924.87987092,"FGA25",3,6.89017416297137,79,01:19:00,"Apr","Guareí"
"SDApr23","Celtis iguanaea",2019-04-15 09:19:00,781725.081311914,7407917.93345944,"AG103",2019-04-15 11:50:00,781696.547984102,7408068.00245478,"FGA26",3,152.757866573491,151,02:31:00,"Apr","Guareí"
"SDApr24","Annona emarginata",2019-04-15 11:47:00,781691.975313178,7408058.88351688,"AG91",2019-04-15 13:00:00,781761.384913002,7408024.75234349,"FGA27",3,77.3383274967568,73,01:13:00,"Apr","Guareí"
"SDApr25","Celtis iguanaea",2019-04-15 13:55:00,781738.951632328,7407921.43980266,"AG105",2019-04-15 15:28:00,781724.770828216,7407896.33078126,"FGA28",5,28.8372068691645,93,01:33:00,"Apr","Guareí"
"SDApr26","Celtis iguanaea",2019-04-15 09:19:00,781725.081311914,7407917.93345944,"AG103",2019-04-15 10:38:00,781693.899382457,7407924.18771247,"FGA29",2,31.8022011817546,79,01:19:00,"Apr","Guareí"
"SDApr27","Celtis iguanaea",2019-04-15 09:19:00,781725.081311914,7407917.93345944,"AG103",2019-04-15 12:20:00,781717.54080341,7408069.15225039,"FGA30",3,151.40785977023,181,03:01:00,"Apr","Guareí"
"SDApr28","Celtis iguanaea",2019-04-15 09:19:00,781725.081311914,7407917.93345944,"AG103",2019-04-15 09:58:00,781725.081311914,7407917.93345944,"FGA31",2,0,39,00:39:00,"Apr","Guareí"
"SDApr29","Celtis iguanaea",2019-04-15 09:19:00,781725.081311914,7407917.93345944,"AG103",2019-04-15 11:44:00,781682.922434233,7408061.61146532,"FGA32",2,149.73779750008,145,02:25:00,"Apr","Guareí"
"SDApr30","Celtis iguanaea",2019-04-15 09:19:00,781725.081311914,7407917.93345944,"AG103",2019-04-15 11:36:00,781645.141316579,7408075.62822151,"FGA33",2,176.804110812079,137,02:17:00,"Apr","Guareí"
"SDApr31","Annona emarginata",2019-04-15 11:23:00,781650.351210903,7408070.10319047,"AG73",2019-04-15 11:36:00,781645.141316579,7408075.62822151,"FGA33",1,7.59769701965641,13,00:13:00,"Apr","Guareí"
"SDApr32","Celtis iguanaea",2019-04-15 15:11:00,781738.951632328,7407921.43980266,"AG105",2019-04-16 06:39:00,781741.249122507,7407886.48388578,"FGA35",4,35.0355762047324,928,15:28:00,"Apr","Guareí"
"SDApr33","Celtis iguanaea",2019-04-15 15:11:00,781738.951632328,7407921.43980266,"AG105",2019-04-16 06:40:00,781741.249122507,7407886.48388578,"FGA36",8,35.0355762047324,929,15:29:00,"Apr","Guareí"
"SDApr34","Celtis iguanaea",2019-04-15 15:11:00,781738.951632328,7407921.43980266,"AG105",2019-04-16 06:40:00,781741.249122507,7407886.48388578,"FGA36",7,35.0355762047324,929,15:29:00,"Apr","Guareí"
"SDApr35","Celtis iguanaea",2019-04-15 15:11:00,781738.951632328,7407921.43980266,"AG105",2019-04-16 06:41:00,781741.249122507,7407886.48388578,"FGA37",4,35.0355762047324,930,15:30:00,"Apr","Guareí"
"SDApr36","Celtis iguanaea",2019-04-15 15:11:00,781738.951632328,7407921.43980266,"AG105",2019-04-16 06:43:00,781741.249122507,7407886.48388578,"FGA38",3,35.0355762047324,932,15:32:00,"Apr","Guareí"
"SDApr37","Celtis iguanaea",2019-04-15 15:11:00,781738.951632328,7407921.43980266,"AG105",2019-04-16 06:44:00,781741.249122507,7407886.48388578,"FGA39",7,35.0355762047324,933,15:33:00,"Apr","Guareí"
"SDApr38","Celtis iguanaea",2019-04-15 15:11:00,781738.951632328,7407921.43980266,"AG105",2019-04-16 06:44:00,781741.249122507,7407886.48388578,"FGA39",6,35.0355762047324,933,15:33:00,"Apr","Guareí"
"SDApr39","Celtis iguanaea",2019-04-15 15:11:00,781738.951632328,7407921.43980266,"AG105",2019-04-16 06:44:00,781741.249122507,7407886.48388578,"FGA39",2,35.0355762047324,933,15:33:00,"Apr","Guareí"
"SDApr40","Celtis iguanaea",2019-04-15 15:11:00,781738.951632328,7407921.43980266,"AG105",2019-04-16 06:52:00,781733.977304727,7407885.95415539,"FGA40",4,35.8363084038463,941,15:41:00,"Apr","Guareí"
"SDApr41","Celtis iguanaea",2019-04-15 15:11:00,781738.951632328,7407921.43980266,"AG105",2019-04-16 06:56:00,781728.596964962,7407887.94298728,"FGA41",5,35.0624086451504,945,15:45:00,"Apr","Guareí"
"SDApr42","Celtis iguanaea",2019-04-15 15:11:00,781738.951632328,7407921.43980266,"AG105",2019-04-16 06:57:00,781728.596964962,7407887.94298728,"FGA42",5,35.0624086451504,946,15:46:00,"Apr","Guareí"
"SDApr43","Celtis iguanaea",2019-04-15 15:11:00,781738.951632328,7407921.43980266,"AG105",2019-04-16 07:00:00,781729.728200784,7407888.36726249,"FGA43",5,34.3312292238305,949,15:49:00,"Apr","Guareí"
"SDApr44","Celtis iguanaea",2019-04-15 15:11:00,781738.951632328,7407921.43980266,"AG105",2019-04-16 07:00:00,781729.728200784,7407888.36726249,"FGA43",1,34.3312292238305,949,15:49:00,"Apr","Guareí"
"SDApr45","Celtis iguanaea",2019-04-16 07:30:00,781867.59861166,7407946.57507716,"AG106",2019-04-16 07:51:00,781794.931358456,7407949.40915191,"FGA44",2,72.7250837056211,21,00:21:00,"Apr","Guareí"
"SDApr46","Celtis iguanaea",2019-04-16 07:30:00,781867.59861166,7407946.57507716,"AG106",2019-04-16 07:52:00,781794.931358456,7407949.40915191,"FGA45",3,72.7250837056211,22,00:22:00,"Apr","Guareí"
"SDApr47","Celtis iguanaea",2019-04-16 07:30:00,781867.59861166,7407946.57507716,"AG106",2019-04-16 08:03:00,781820.013193415,7407966.66377252,"FGA46",2,51.6528266409486,33,00:33:00,"Apr","Guareí"
"SDApr48","Celtis iguanaea",2019-04-16 07:30:00,781867.59861166,7407946.57507716,"AG106",2019-04-16 08:12:00,781822.880938328,7407961.50864906,"FGA47",6,47.1464028319086,42,00:42:00,"Apr","Guareí"
"SDApr49","Celtis iguanaea",2019-04-16 08:23:00,781867.59861166,7407946.57507716,"AG106",2019-04-16 08:59:00,781877.855576571,7407948.15625833,"FGA48",4,10.3809440804017,36,00:36:00,"Apr","Guareí"
"SDApr50","Celtis iguanaea",2019-04-16 08:23:00,781867.59861166,7407946.57507716,"AG106",2019-04-16 09:24:00,781922.256438988,7408001.82943874,"FGA49",2,77.7192260641057,61,01:01:00,"Apr","Guareí"
"SDApr51","Celtis iguanaea",2019-04-16 08:23:00,781867.59861166,7407946.57507716,"AG106",2019-04-16 09:43:00,781938.363780728,7407993.65234474,"FGA50",6,84.9856605553512,80,01:20:00,"Apr","Guareí"
"SDApr52","Celtis iguanaea",2019-04-16 08:23:00,781867.59861166,7407946.57507716,"AG106",2019-04-16 09:44:00,781948.809844503,7407999.65806761,"FGA51",10,97.0182998202956,81,01:21:00,"Apr","Guareí"
"SDApr53","Celtis iguanaea",2019-04-16 08:23:00,781867.59861166,7407946.57507716,"AG106",2019-04-16 09:44:00,781948.809844503,7407999.65806761,"FGA51",5,97.0182998202956,81,01:21:00,"Apr","Guareí"
"SDApr54","Celtis iguanaea",2019-04-16 08:23:00,781867.59861166,7407946.57507716,"AG106",2019-04-16 09:45:00,781948.809844503,7407999.65806761,"FGA52",6,97.0182998202956,82,01:22:00,"Apr","Guareí"
"SDApr55","Diospyros inconstans",2019-04-17 12:31:00,782061.387304749,7407522.57533922,"AG82",2019-04-17 13:23:00,781907.833815352,7407793.5161357,"FGA53",1,311.430822494715,52,00:52:00,"Apr","Guareí"
"SDApr56","Celtis iguanaea",2019-04-17 12:46:00,781845.064058674,7407945.12373244,"AG118",2019-04-17 16:02:00,781917.334102215,7407894.30776851,"FGA54",7,88.3436981342691,196,03:16:00,"Apr","Guareí"
"SDApr57","Diospyros inconstans",2019-04-17 12:31:00,782061.387304749,7407522.57533922,"AG82",2019-04-17 13:27:00,781908.80324493,7407833.39833451,"FGA55",2,346.255368911697,56,00:56:00,"Apr","Guareí"
"SDApr58","Celtis iguanaea",2019-04-17 12:46:00,781845.064058674,7407945.12373244,"AG118",2019-04-17 15:48:00,781902.793736327,7407898.79457097,"FGA56",4,74.0217657179613,182,03:02:00,"Apr","Guareí"
"SDApr59","Celtis iguanaea",2019-04-17 12:46:00,781845.064058674,7407945.12373244,"AG118",2019-04-17 15:50:00,781908.11680801,7407893.81537431,"FGA57",3,81.2911655715014,184,03:04:00,"Apr","Guareí"
"SDApr60","Celtis iguanaea",2019-04-17 12:46:00,781845.064058674,7407945.12373244,"AG118",2019-04-17 15:30:00,781906.16612864,7407898.95296084,"FGA58",9,76.5904759091587,164,02:44:00,"Apr","Guareí"
"SDApr61","Celtis iguanaea",2019-04-17 12:46:00,781845.064058674,7407945.12373244,"AG118",2019-04-17 16:05:00,781911.635755824,7407901.18003426,"FGA59",2,79.7723009573526,199,03:19:00,"Apr","Guareí"
"SDApr62","Celtis iguanaea",2019-04-17 12:46:00,781845.064058674,7407945.12373244,"AG118",2019-04-17 16:26:00,781870.932384604,7407917.47372094,"FGA60",1,37.8652796110152,220,03:40:00,"Apr","Guareí"
"SDApr63","Celtis iguanaea",2019-04-17 12:46:00,781845.064058674,7407945.12373244,"AG118",2019-04-17 15:43:00,781883.860042415,7407898.60896786,"FGA61",1,60.5691348788621,177,02:57:00,"Apr","Guareí"
"SDApr64","Annona emarginata",2019-04-17 13:57:00,781775.407959923,7407822.10051608,"AG63",2019-04-17 15:43:00,781883.860042415,7407898.60896786,"FGA61",3,0,106,01:46:00,"Apr","Guareí"
"SDApr65","Celtis iguanaea",2019-04-17 12:46:00,781845.064058674,7407945.12373244,"AG118",2019-04-17 15:49:00,781908.11680801,7407893.81537431,"FGA62",7,81.2911655715014,183,03:03:00,"Apr","Guareí"
"SDApr66","Celtis iguanaea",2019-04-17 16:13:00,781867.255689029,7407917.99003149,"AG75",2019-04-18 07:08:00,781819.644149433,7407958.13328896,"FGA63",2,62.2806872149998,895,14:55:00,"Apr","Guareí"
"SDApr67","Celtis iguanaea",2019-04-18 06:51:00,781845.064058674,7407945.12373244,"AG118",2019-04-18 07:56:00,781867.255689029,7407917.99003149,"FGA64",3,35.0553405345301,65,01:05:00,"Apr","Guareí"
"SDApr68","Celtis iguanaea",2019-04-18 06:51:00,781845.064058674,7407945.12373244,"AG118",2019-04-18 07:57:00,781867.255689029,7407917.99003149,"FGA65",3,35.0553405345301,66,01:06:00,"Apr","Guareí"
"SDApr69","Celtis iguanaea",2019-04-18 06:51:00,781845.064058674,7407945.12373244,"AG118",2019-04-18 07:58:00,781868.422845538,7407920.29019823,"FGA66",4,34.0913258762848,67,01:07:00,"Apr","Guareí"
"SDApr70","Celtis iguanaea",2019-04-18 07:14:00,781815.742745276,7407967.96250671,"AG119",2019-04-18 07:59:00,781868.422845538,7407920.29019823,"FGA67",6,71.0465431952765,45,00:45:00,"Apr","Guareí"
"SDApr71","Celtis iguanaea",2019-04-18 07:14:00,781815.742745276,7407967.96250671,"AG119",2019-04-18 08:02:00,781872.646499753,7407905.80047804,"FGA68",5,84.2770057608968,48,00:48:00,"Apr","Guareí"
"SDApr72","Celtis iguanaea",2019-04-18 11:37:00,781971.984213104,7407559.64605912,"AG120",2019-04-18 12:33:00,782061.519262929,7407588.0770528,"FGA69",3,93.9450717174122,56,00:56:00,"Apr","Guareí"
"SDApr73","Celtis iguanaea",2019-04-18 11:37:00,781971.984213104,7407559.64605912,"AG120",2019-04-18 12:44:00,782058.308476106,7407607.53622418,"FGA70",4,98.7234571922031,67,01:07:00,"Apr","Guareí"
"SDApr74","Celtis iguanaea",2019-04-18 11:37:00,781971.984213104,7407559.64605912,"AG120",2019-04-18 12:59:00,782096.357010647,7407623.65934976,"FGA71",3,139.884468401508,82,01:22:00,"Apr","Guareí"
"SDApr75","Celtis iguanaea",2019-04-18 11:37:00,781971.984213104,7407559.64605912,"AG120",2019-04-18 13:19:00,782114.868758892,7407596.47489507,"FGA72",4,147.557664999001,102,01:42:00,"Apr","Guareí"
"SDApr76","Diospyros inconstans",2019-04-18 13:55:00,782243.212457046,7407531.72480964,"AG121",2019-04-18 14:52:00,782070.50280197,7407528.50424915,"FGA73",3,172.740014183123,57,00:57:00,"Apr","Guareí"
"SDApr77","Diospyros inconstans",2019-04-18 14:53:00,782061.387304749,7407522.57533922,"AG82",2019-04-18 16:04:00,781902.877051884,7407561.52700677,"FGA74",4,163.225373640306,71,01:11:00,"Apr","Guareí"
"SDApr78","Celtis iguanaea",2019-04-19 12:03:00,781767.022969179,7407998.59519003,"AG126",2019-04-19 13:12:00,781650.334055724,7408090.27216559,"FGA77",2,148.391189091538,69,01:09:00,"Apr","Guareí"
"SDApr79","Annona emarginata",2019-04-19 11:49:00,781764.964063551,7407987.32861701,"AG61",2019-04-19 13:12:00,781650.334055724,7408090.27216559,"FGA77",4,154.067129848952,83,01:23:00,"Apr","Guareí"
"SDApr80","Celtis iguanaea",2019-04-19 09:30:00,781867.167573686,7407897.26562816,"AG125",2019-04-19 11:08:00,781810.263429112,7407885.05158164,"FGA78",2,58.2071859824656,98,01:38:00,"Apr","Guareí"
"SDApr81","Rhamnidium elaeocarpum",2019-04-19 08:48:00,781849.555487888,7407698.75867093,"AG123",2019-04-19 11:08:00,781810.263429112,7407885.05158164,"FGA78",1,190.390267871069,140,02:20:00,"Apr","Guareí"
"SDApr82","Diospyros inconstans",2019-04-18 14:58:00,782061.387304749,7407522.57533922,"AG82",2019-04-19 07:30:00,781855.218750796,7407551.24506383,"FGA79",1,208.153880098385,992,16:32:00,"Apr","Guareí"
"SDApr83","Celtis iguanaea",2019-04-19 09:30:00,781867.167573686,7407897.26562816,"AG125",2019-04-19 11:20:00,781781.787192971,7407914.86023185,"FGA80",3,87.1731179895977,110,01:50:00,"Apr","Guareí"
"SDApr84","Celtis iguanaea",2019-04-19 11:55:00,781767.022969179,7407998.59519003,"AG126",2019-04-19 13:18:00,781653.763579914,7408114.4814031,"FGA81",9,162.037038976254,83,01:23:00,"Apr","Guareí"
"SDApr85","Celtis iguanaea",2019-04-19 10:23:00,781867.167573686,7407897.26562816,"AG125",2019-04-19 11:36:00,781781.597326101,7407942.12083751,"FGA82",2,96.6113212830737,73,01:13:00,"Apr","Guareí"
"SDApr86","Celtis iguanaea",2019-04-19 10:23:00,781867.167573686,7407897.26562816,"AG125",2019-04-19 11:02:00,781842.998532196,7407890.51923919,"FGA83",1,25.0948480768867,39,00:39:00,"Apr","Guareí"
"SDApr87","Celtis iguanaea",2019-04-19 09:30:00,781867.167573686,7407897.26562816,"AG125",2019-04-19 10:56:00,781851.496893164,7407896.45082205,"FGA84",1,15.6914403418002,86,01:26:00,"Apr","Guareí"
"SDApr88","Celtis iguanaea",2019-04-19 09:30:00,781867.167573686,7407897.26562816,"AG125",2019-04-19 11:00:00,781842.998532196,7407890.51923919,"FGA85",10,25.0948480768867,90,01:30:00,"Apr","Guareí"
"SDApr89","Annona emarginata",2019-04-19 12:51:00,781662.501960421,7408068.86743841,"AG104",2019-04-19 14:11:00,781641.357781307,7408155.72486883,"FGA86",1,89.385804801075,80,01:20:00,"Apr","Guareí"
"SDApr90","Celtis iguanaea",2019-04-19 09:30:00,781867.167573686,7407897.26562816,"AG125",2019-04-19 11:10:00,781810.263429112,7407885.05158164,"FGA87",6,58.2071859824656,100,01:40:00,"Apr","Guareí"
"SDApr91","Celtis iguanaea",2019-04-19 09:30:00,781867.167573686,7407897.26562816,"AG125",2019-04-19 10:13:00,781867.167573686,7407897.26562816,"FGA88",3,0,43,00:43:00,"Apr","Guareí"
"SDApr92","Annona emarginata",2019-04-19 12:51:00,781662.501960421,7408068.86743841,"AG104",2019-04-19 13:57:00,781647.155224271,7408116.81883392,"FGA89",1,50.3439976562933,66,01:06:00,"Apr","Guareí"
"SDApr93","Celtis iguanaea",2019-04-19 12:03:00,781767.022969179,7407998.59519003,"AG126",2019-04-19 13:57:00,781647.155224271,7408116.81883392,"FGA89",2,168.351976525835,114,01:54:00,"Apr","Guareí"
"SDApr94","Celtis iguanaea",2019-04-19 10:23:00,781867.167573686,7407897.26562816,"AG125",2019-04-19 11:19:00,781805.082354719,7407897.45076385,"FGA90",1,62.0902609111174,56,00:56:00,"Apr","Guareí"
"SDApr95","Celtis iguanaea",2019-04-19 12:03:00,781767.022969179,7407998.59519003,"AG126",2019-04-19 13:09:00,781656.866867153,7408089.81276221,"FGA91",2,143.011491146685,66,01:06:00,"Apr","Guareí"
"SDApr96","Celtis iguanaea",2019-04-19 10:23:00,781867.167573686,7407897.26562816,"AG125",2019-04-19 12:04:00,781756.408398245,7407989.15525922,"FGA92",4,143.915078084652,101,01:41:00,"Apr","Guareí"
"SDApr97","Annona emarginata",2019-04-19 12:51:00,781662.501960421,7408068.86743841,"AG104",2019-04-19 14:03:00,781636.428988019,7408149.50192479,"FGA93",4,84.7398477693895,72,01:12:00,"Apr","Guareí"
"SDApr98","Celtis iguanaea",2019-04-19 12:03:00,781767.022969179,7407998.59519003,"AG126",2019-04-19 14:03:00,781636.428988019,7408149.50192479,"FGA93",1,199.560913257341,120,02:00:00,"Apr","Guareí"
"SDApr99","Celtis iguanaea",2019-04-19 12:03:00,781767.022969179,7407998.59519003,"AG126",2019-04-19 13:06:00,781659.518524976,7408084.11370299,"FGA94",3,137.361603441868,63,01:03:00,"Apr","Guareí"
"SDApr100","Celtis iguanaea",2019-04-19 09:30:00,781867.167573686,7407897.26562816,"AG125",2019-04-19 10:57:00,781851.496893164,7407896.45082205,"FGA95",7,15.6914403418002,87,01:27:00,"Apr","Guareí"
"SDApr101","Celtis iguanaea",2019-04-19 12:03:00,781767.022969179,7407998.59519003,"AG126",2019-04-19 13:27:00,781662.059485671,7408125.96311807,"FGA96",1,165.036878303237,84,01:24:00,"Apr","Guareí"
"SDApr101","Celtis iguanaea",2019-04-19 12:03:00,781767.022969179,7407998.59519003,"AG126",2019-04-19 13:27:00,781662.059485671,7408125.96311807,"FGA96",7,165.036878303237,84,01:24:00,"Apr","Guareí"
"SDApr102","Celtis iguanaea",2019-04-19 11:55:00,781767.022969179,7407998.59519003,"AG126",2019-04-19 12:35:00,781713.531208855,7408041.51680157,"FGA97",3,68.5806568938546,40,00:40:00,"Apr","Guareí"
"SDApr103","Celtis iguanaea",2019-04-19 10:23:00,781867.167573686,7407897.26562816,"AG125",2019-04-19 11:46:00,781782.322587989,7407948.21051214,"FGA98",1,98.9666918718492,83,01:23:00,"Apr","Guareí"
"SDApr104","Celtis iguanaea",2019-04-19 12:03:00,781767.022969179,7407998.59519003,"AG126",2019-04-20 08:52:00,781784.66665212,7408118.62854102,"FGA101",5,121.320745959063,1249,20:49:00,"Apr","Guareí"
"SDApr105","Celtis iguanaea",2019-04-20 10:08:00,781815.742745276,7407967.96250671,"AG119",2019-04-20 10:48:00,781868.241610715,7407926.94533995,NA,NA,NA,NA,NA,NA,NA
"SDApr106","Celtis iguanaea",2019-04-20 10:35:00,781867.59861166,7407946.57507716,"AG106",2019-04-20 11:39:00,781876.459046718,7407923.12774239,"FGA102",4,66.6188419291545,40,00:40:00,"Apr","Guareí"
"SDApr107","Celtis iguanaea",2019-04-20 10:51:00,781867.255689029,7407917.99003149,"AG75",2019-04-20 11:58:00,781876.459046718,7407923.12774239,"FGA103",5,25.0679496570519,64,01:04:00,"Apr","Guareí"
"SDApr108","Celtis iguanaea",2019-04-20 10:51:00,781867.255689029,7407917.99003149,"AG75",2019-04-20 12:01:00,781876.459046718,7407923.12774239,"FGA104",8,10.5384818638975,67,01:07:00,"Apr","Guareí"
"SDApr109","Celtis iguanaea",2019-04-20 10:51:00,781867.255689029,7407917.99003149,"AG75",2019-04-20 12:03:00,781863.796330555,7407924.48496904,"FGA105",2,10.5384818638975,70,01:10:00,"Apr","Guareí"
"SDApr110","Celtis iguanaea",2019-04-20 10:51:00,781867.255689029,7407917.99003149,"AG75",2019-04-20 12:11:00,781867.255689029,7407917.99003149,"FGA106",4,7.35470597662772,72,01:12:00,"Apr","Guareí"
"SDApr111","Celtis iguanaea",2019-04-20 12:06:00,781863.53556654,7407921.16412519,"AG77",2019-04-20 12:13:00,781853.999063967,7407920.12040377,NA,NA,NA,7,00:07:00,"Apr","Guareí"
"SDApr112","Celtis iguanaea",2019-04-20 12:06:00,781863.53556654,7407921.16412519,"AG77",2019-04-20 12:13:00,781853.999063967,7407920.12040377,"FGA107",6,0,80,01:20:00,"Apr","Guareí"
"SDApr113","Celtis iguanaea",2019-04-20 12:06:00,781863.53556654,7407921.16412519,"AG77",2019-04-20 12:18:00,781859.850336413,7407921.23467502,"FGA108",9,9.59652020269787,7,00:07:00,"Apr","Guareí"
"SDApr114","Celtis iguanaea",2019-04-20 12:06:00,781863.53556654,7407921.16412519,"AG77",2019-04-20 12:33:00,781834.775735432,7407877.48478458,"FGA108",12,9.59652020269787,7,00:07:00,"Apr","Guareí"
"SDApr115","Celtis iguanaea",2019-04-20 12:06:00,781863.53556654,7407921.16412519,"AG77",2019-04-20 12:34:00,781840.005662579,7407878.38799457,"FGA109",14,3.69066389698229,12,00:12:00,"Apr","Guareí"
"SDApr116","Celtis iguanaea",2019-04-20 12:06:00,781863.53556654,7407921.16412519,"AG77",2019-04-20 12:42:00,781819.211222305,7407871.46549134,"FGA110",9,52.2979923130372,27,00:27:00,"Apr","Guareí"
"SDApr117","Celtis iguanaea",2019-04-20 12:06:00,781863.53556654,7407921.16412519,"AG77",2019-04-20 12:55:00,781775.774807955,7407841.26813522,"FGA111",6,48.8153029289253,28,00:28:00,"Apr","Guareí"
"SDApr118","Celtis iguanaea",2019-04-20 12:06:00,781863.53556654,7407921.16412519,"AG77",2019-04-20 13:04:00,781747.16822554,7407773.3201597,"FGA112",4,66.5901268961648,36,00:36:00,"Apr","Guareí"
"SDApr119","Celtis iguanaea",2019-04-20 12:06:00,781863.53556654,7407921.16412519,"AG77",2019-04-20 13:17:00,781730.231015362,7407743.4981163,"FGA113",4,118.684392403123,49,00:49:00,"Apr","Guareí"
"SDApr120","Celtis iguanaea",2019-04-20 12:06:00,781863.53556654,7407921.16412519,"AG77",2019-04-20 13:23:00,781757.55785436,7407717.70624582,"FGA114",2,188.145269672014,58,00:58:00,"Apr","Guareí"
"SDApr121","Celtis iguanaea",2019-04-20 12:06:00,781863.53556654,7407921.16412519,"AG77",2019-04-20 13:28:00,781767.665301338,7407711.40924433,"FGA115",2,222.114006087117,71,01:11:00,"Apr","Guareí"
"SDApr122","Celtis iguanaea",2019-04-20 12:06:00,781863.53556654,7407921.16412519,"AG77",2019-04-20 13:41:00,781785.827916642,7407644.89793785,"FGA116",3,229.398480596694,77,01:17:00,"Apr","Guareí"
"SDMay1","Celtis iguanaea",2019-05-13 16:24:00,781867.167573686,7407897.26562816,"AG125",2019-05-14 07:00:00,781961.720509849,7407889.02643841,"FGM1",1,94.9083773961768,876,07:00:00,"May","Guareí"
"SDMay1","Celtis iguanaea",2019-05-13 16:24:00,781867.167573686,7407897.26562816,"AG125",2019-05-14 07:00:00,781961.720509849,7407889.02643841,"FGM1",2,94.9083773961768,876,07:00:00,"May","Guareí"
"SDMay1","Celtis iguanaea",2019-05-13 16:24:00,781867.167573686,7407897.26562816,"AG125",2019-05-14 07:00:00,781961.720509849,7407889.02643841,"FGM1",0,94.9083773961768,876,07:00:00,"May","Guareí"
"SDMay2","Celtis iguanaea",2019-05-13 16:24:00,781867.167573686,7407897.26562816,"AG125",2019-05-14 07:03:00,781953.24214766,7407889.51395683,"FGM2",5,86.4191095764572,879,07:03:00,"May","Guareí"
"SDMay2","Celtis iguanaea",2019-05-13 16:24:00,781867.167573686,7407897.26562816,"AG125",2019-05-14 07:03:00,781953.24214766,7407889.51395683,"FGM2",0,86.4191095764572,879,07:03:00,"May","Guareí"
"SDMay3","Celtis iguanaea",2019-05-13 16:24:00,781867.167573686,7407897.26562816,"AG125",2019-05-14 07:04:00,781953.24214766,7407889.51395683,"FGM3",4,86.4191095764572,880,07:04:00,"May","Guareí"
"SDMay4","Celtis iguanaea",2019-05-13 16:24:00,781867.167573686,7407897.26562816,"AG125",2019-05-14 07:11:00,781927.131256927,7407909.41159157,"FGM4",7,61.1766393324282,887,07:11:00,"May","Guareí"
"SDMay5","Celtis iguanaea",2019-05-13 16:24:00,781867.167573686,7407897.26562816,"AG125",2019-05-14 07:16:00,781918.88939747,7407906.13209022,"FGM5",5,52.4734027865837,892,07:16:00,"May","Guareí"
"SDMay6","Celtis iguanaea",2019-05-14 07:10:00,781918.88939747,7407906.13209022,"AG 139",2019-05-14 07:52:00,781863.53556654,7407921.16412519,"FGM6",4,57.3543668782531,42,07:52:00,"May","Guareí"
"SDMay7","Celtis iguanaea",2019-05-14 07:10:00,781918.88939747,7407906.13209022,"AG 139",2019-05-14 07:57:00,781863.53556654,7407921.16412519,"FGM7",7,57.3543668782531,47,07:57:00,"May","Guareí"
"SDMay8","Celtis iguanaea",2019-05-14 07:10:00,781918.88939747,7407906.13209022,"AG 139",2019-05-14 07:58:00,781863.53556654,7407921.16412519,"FGM8",6,57.3543668782531,48,07:58:00,"May","Guareí"
"SDMay9","Celtis iguanaea",2019-05-14 07:10:00,781918.88939747,7407906.13209022,"AG 139",2019-05-14 07:59:00,781863.53556654,7407921.16412519,"FGM9",4,57.3543668782531,49,07:59:00,"May","Guareí"
"SDMay10","Celtis iguanaea",2019-05-14 07:18:00,781897.188481099,7407900.23037001,"AG65",2019-05-14 08:14:00,781863.53556654,7407921.16412519,"FGM10",2,39.6281137575492,56,08:14:00,"May","Guareí"
"SDMay11","Celtis iguanaea",2019-05-14 07:18:00,781897.188481099,7407900.23037001,"AG65",2019-05-14 08:16:00,781863.53556654,7407921.16412519,"FGM11",6,39.6281137575492,58,08:16:00,"May","Guareí"
"SDMay12","Celtis iguanaea",2019-05-14 07:18:00,781897.188481099,7407900.23037001,"AG65",2019-05-14 08:19:00,781863.53556654,7407921.16412519,"FGM12",7,39.6281137575492,61,08:19:00,"May","Guareí"
"SDMay13","Celtis iguanaea",2019-05-14 07:18:00,781897.188481099,7407900.23037001,"AG65",2019-05-14 08:28:00,781852.775823884,7407952.51033222,"FGM13",3,68.5962571859605,70,08:28:00,"May","Guareí"
"SDMay14","Celtis iguanaea",2019-05-14 07:18:00,781897.188481099,7407900.23037001,"AG65",2019-05-14 08:42:00,781801.703746819,7407950.71948851,"FGM14",6,108.016573727955,84,08:42:00,"May","Guareí"
"SDMay15","Celtis iguanaea",2019-05-14 07:47:00,781863.53556654,7407921.16412519,"AG77",2019-05-14 08:44:00,781801.703746819,7407950.71948851,"FGM15",5,68.5418062206281,57,08:44:00,"May","Guareí"
"SDMay16","Celtis iguanaea",2019-05-14 07:47:00,781863.53556654,7407921.16412519,"AG77",2019-05-14 09:14:00,781709.089397639,7407948.2741264,"FGM16",1,156.811206869883,87,09:14:00,"May","Guareí"
"SDMay17","Celtis iguanaea",2019-05-14 07:47:00,781863.53556654,7407921.16412519,"AG77",2019-05-14 09:19:00,781711.641186262,7407969.62024651,"FGM17",5,159.44272200387,92,09:19:00,"May","Guareí"
"SDMay18","Celtis iguanaea",2019-05-14 08:49:00,781767.022969179,7407998.59519003,"AG126",2019-05-14 10:14:00,781732.098681206,7407926.67116538,"FGM18",7,79.9583097617756,85,10:14:00,"May","Guareí"
"SDMay19","Species 5",2019-05-14 12:44:00,781610.042898689,7407662.89339646,"AG142",2019-05-14 15:07:00,781770.812626055,7407539.00945581,"FGM19",3,202.96119653761,143,15:07:00,"May","Guareí"
"SDMay20","Cissus sulcicaulis",2019-05-15 08:15:00,782062.368259839,7407611.34167814,"AG144",2019-05-15 09:23:00,781941.659690173,7407391.31517102,"FGM20",2,250.957575099446,68,09:23:00,"May","Guareí"
"SDMay21","Cissus sulcicaulis",2019-05-15 08:15:00,782062.368259839,7407611.34167814,"AG144",2019-05-15 09:40:00,781918.349788063,7407413.26798448,"FGM21",1,244.894845393127,85,09:40:00,"May","Guareí"
"SDMay22","Celtis iguanaea",2019-05-15 12:56:00,781720.247889558,7407547.95732427,"AG 150",2019-05-15 15:00:00,781779.243214527,7407648.46122345,"FGM22",7,116.533557827773,124,15:00:00,"May","Guareí"
"SDMay23","Celtis iguanaea",2019-05-15 12:56:00,781720.247889558,7407547.95732427,"AG 150",2019-05-15 15:09:00,781820.705653334,7407714.38883601,"FGM23",9,194.399476593671,133,15:09:00,"May","Guareí"
"SDMay24","Celtis iguanaea",2019-05-15 16:05:00,781970.579031846,7407892.28485961,"AG 152",2019-05-16 07:27:00,781962.506228928,7407894.68761312,"FGM24",6,8.42217311623856,922,07:27:00,"May","Guareí"
"SDMay25","Celtis iguanaea",2019-05-15 16:05:00,781970.579031846,7407892.28485961,"AG 152",2019-05-16 07:30:00,781962.506228928,7407894.68761312,"FGM25",7,8.42217311623856,925,07:30:00,"May","Guareí"
"SDMay26","Celtis iguanaea",2019-05-15 16:05:00,781970.579031846,7407892.28485961,"AG 152",2019-05-16 07:35:00,781925.38440224,7407924.74575223,"FGM26",4,55.6537590821937,930,07:35:00,"May","Guareí"
"SDMay27","Celtis iguanaea",2019-05-15 16:05:00,781970.579031846,7407892.28485961,"AG 152",2019-05-16 07:35:00,781925.38440224,7407924.74575223,"FGM26",1,55.6537590821937,930,07:35:00,"May","Guareí"
"SDMay28","Celtis iguanaea",2019-05-15 16:05:00,781970.579031846,7407892.28485961,"AG 152",2019-05-16 07:35:00,781925.38440224,7407924.74575223,"FGM26",5,55.6537590821937,930,07:35:00,"May","Guareí"
"SDMay29","Celtis iguanaea",2019-05-15 16:05:00,781970.579031846,7407892.28485961,"AG 152",2019-05-16 07:37:00,781925.38440224,7407924.74575223,"FGM27",1,55.6537590821937,932,07:37:00,"May","Guareí"
"SDMay30","Celtis iguanaea",2019-05-16 07:36:00,781925.38440224,7407924.74575223,"AG 153",2019-05-16 08:42:00,781885.459009429,7407917.6415296,"FGM28",3,40.5482243755274,66,08:42:00,"May","Guareí"
"SDMay31","Celtis iguanaea",2019-05-16 07:37:00,781898.129081042,7407922.48989409,"AG 154",2019-05-16 08:52:00,781882.970580149,7407900.06595431,"FGM29",9,27.0644046673421,75,08:52:00,"May","Guareí"
"SDMay32","Celtis iguanaea",2019-05-16 07:49:00,781897.188481099,7407900.23037001,"AG 065",2019-05-16 09:05:00,781882.970580149,7407900.06595431,"FGM30",12,14.2209001121326,76,09:05:00,"May","Guareí"
"SDMay33","Celtis iguanaea",2019-05-16 07:49:00,781897.188481099,7407900.23037001,"AG 065",2019-05-16 09:09:00,781882.970580149,7407900.06595431,"FGM31",3,14.2209001121326,80,09:09:00,"May","Guareí"
"SDMay34","Celtis iguanaea",2019-05-16 08:25:00,781885.459009429,7407917.6415296,"AG 155",2019-05-16 09:23:00,781882.970580149,7407900.06595431,"FGM32",5,17.7455628250473,58,09:23:00,"May","Guareí"
"SDMay35","Celtis iguanaea",2019-05-16 08:25:00,781885.459009429,7407917.6415296,"AG 155",2019-05-16 09:27:00,781882.970580149,7407900.06595431,"FGM33",6,17.7455628250473,62,09:27:00,"May","Guareí"
"SDMay36","Celtis iguanaea",2019-05-16 08:47:00,781882.970580149,7407900.06595431,"AG 156",2019-05-16 09:53:00,781850.782184091,7407883.30051182,"FGM34",6,36.2964047808133,66,09:53:00,"May","Guareí"
"SDMay37","Celtis iguanaea",2019-05-16 08:47:00,781882.970580149,7407900.06595431,"AG 156",2019-05-16 10:04:00,781848.444878087,7407895.56166339,"FGM35",7,34.8232824416124,77,10:04:00,"May","Guareí"
"SDMay38","Celtis iguanaea",2019-05-16 08:47:00,781882.970580149,7407900.06595431,"AG 156",2019-05-16 10:34:00,781869.991716401,7407916.25615364,"FGM36",5,20.7508192605167,107,10:34:00,"May","Guareí"
"SDMay39","Celtis iguanaea",2019-05-16 08:47:00,781882.970580149,7407900.06595431,"AG 156",2019-05-16 10:37:00,781869.991716401,7407916.25615364,"FGM37",11,20.7508192605167,110,10:37:00,"May","Guareí"
"SDMay40","Celtis iguanaea",2019-05-16 08:47:00,781882.970580149,7407900.06595431,"AG 156",2019-05-16 10:45:00,781865.726453359,7407928.57279834,"FGM38",6,33.3086715436038,118,10:45:00,"May","Guareí"
"SDMay41","Celtis iguanaea",2019-05-16 10:10:00,781867.167573686,7407897.26562816,"AG 125",2019-05-16 11:38:00,781876.563069699,7408026.63543041,"FGM39",1,129.710327268222,88,11:38:00,"May","Guareí"
"SDMay41","Celtis iguanaea",2019-05-16 10:10:00,781867.167573686,7407897.26562816,"AG 125",2019-05-16 11:38:00,781876.563069699,7408026.63543041,"FGM39",14,129.710327268222,88,11:38:00,"May","Guareí"
"SDMay42","Celtis iguanaea",2019-05-17 07:58:00,781970.579031846,7407892.28485961,"AG 152",2019-05-17 15:39:00,781855.825404762,7407844.44589993,"FGM46",1,124.319231818762,461,15:39:00,"May","Guareí"
"SDMay43","Celtis iguanaea",2019-05-17 15:56:00,781897.188481099,7407900.23037001,"AG 65",2019-05-18 07:40:00,781960.552253527,7407900.09454951,"FGM48",4,63.3601546716321,944,07:40:00,"May","Guareí"
"SDMay44","Celtis iguanaea",2019-05-17 15:56:00,781897.188481099,7407900.23037001,"AG 65",2019-05-18 07:42:00,781960.552253527,7407900.09454951,"FGM49",3,63.3601546716321,946,07:42:00,"May","Guareí"
"SDMay44","Celtis iguanaea",2019-05-17 15:56:00,781897.188481099,7407900.23037001,"AG 65",2019-05-18 07:42:00,781960.552253527,7407900.09454951,"FGM49",3,63.3601546716321,946,07:42:00,"May","Guareí"
"SDMay45","Celtis iguanaea",2019-05-17 15:56:00,781897.188481099,7407900.23037001,"AG 65",2019-05-18 07:43:00,781962.88771383,7407890.88067586,"FGM50",4,66.3619808325492,947,07:43:00,"May","Guareí"
"SDMay46","Celtis iguanaea",2019-05-17 15:56:00,781897.188481099,7407900.23037001,"AG 65",2019-05-18 07:56:00,781923.247051232,7407908.91980382,"FGM52",2,27.4707062157828,960,07:56:00,"May","Guareí"
"SDMay47","Celtis iguanaea",2019-05-18 08:03:00,781897.188481099,7407900.23037001,"AG65",2019-05-18 09:17:00,781893.193527815,7407925.74248494,"FGM53",10,25.8216982398253,91,09:16:00,"May","Guareí"
"SDMay48","Celtis iguanaea",2019-05-18 07:45:00,781962.88771383,7407890.88067586,"AG162",2019-05-18 09:16:00,781893.193527815,7407925.74248494,"FGM54",12,77.9314416653068,74,09:17:00,"May","Guareí"
"SDMay49","Celtis iguanaea",2019-05-18 08:03:00,781897.188481099,7407900.23037001,"AG 65",2019-05-18 09:22:00,781883.779723384,7407928.86870175,"FGM55",2,31.624005122352,79,09:22:00,"May","Guareí"
"SDMay50","Celtis iguanaea",2019-05-18 08:03:00,781897.188481099,7407900.23037001,"AG 65",2019-05-18 09:27:00,781869.761853291,7407928.88547802,"FGM56",3,39.6711545074199,84,09:27:00,"May","Guareí"
"SDMay51","Celtis iguanaea",2019-05-18 08:03:00,781897.188481099,7407900.23037001,"AG 65",2019-05-18 09:38:00,781863.53556654,7407921.16412519,"FGM57",7,39.6281137575492,95,09:38:00,"May","Guareí"
"SDMay52","Celtis iguanaea",2019-05-18 08:03:00,781897.188481099,7407900.23037001,"AG 65",2019-05-18 09:42:00,781863.53556654,7407921.16412519,"FGM58",5,39.6281137575492,99,09:42:00,"May","Guareí"
"SDMay53","Celtis iguanaea",2019-05-18 08:03:00,781897.188481099,7407900.23037001,"AG 65",2019-05-18 09:45:00,781863.53556654,7407921.16412519,"FGM59",6,39.6281137575492,102,09:45:00,"May","Guareí"
"SDMay54","Celtis iguanaea",2019-05-18 08:03:00,781897.188481099,7407900.23037001,"AG 65",2019-05-18 09:47:00,781863.53556654,7407921.16412519,"FGM60",5,39.6281137575492,104,09:47:00,"May","Guareí"
"SDMay55","Celtis iguanaea",2019-05-18 09:27:00,781863.53556654,7407921.16412519,"AG 77",2019-05-18 10:49:00,781837.250170218,7407953.44811608,"FGM61",16,41.6390225630281,82,10:49:00,"May","Guareí"
"SDMay56","Celtis iguanaea",2019-05-18 09:27:00,781863.53556654,7407921.16412519,"AG 77",2019-05-18 11:08:00,781790.456188054,7407957.05700079,"FGM62",1,81.4217194609078,101,11:08:00,"May","Guareí"
"SDMay57","Celtis iguanaea",2019-05-18 09:55:00,781845.064058674,7407945.12373244,"AG 118",2019-05-18 11:13:00,781785.378183749,7407957.77596826,"FGM63",3,61.0080158668505,78,11:13:00,"May","Guareí"
"SDMay58","Celtis iguanaea",2019-05-18 09:55:00,781845.064058674,7407945.12373244,"AG 118",2019-05-18 11:18:00,781782.459731729,7407940.12601609,"FGM64",6,62.7985676589354,83,11:18:00,"May","Guareí"
"SDMay59","Celtis iguanaea",2019-05-18 09:55:00,781845.064058674,7407945.12373244,"AG 118",2019-05-18 11:23:00,781768.539812194,7407926.87504395,"FGM65",12,78.6638926065257,88,11:23:00,"May","Guareí"
"SDMay60","Celtis iguanaea",2019-05-18 09:55:00,781845.064058674,7407945.12373244,"AG 118",2019-05-18 11:28:00,781750.267765889,7407925.86810167,"FGM66",8,96.7249016541607,93,11:28:00,"May","Guareí"
"SDMay61","Celtis iguanaea",2019-05-18 09:55:00,781845.064058674,7407945.12373244,"AG 118",2019-05-18 13:05:00,781662.655947712,7407832.21909347,"FGM67",2,214.513799090158,190,13:05:00,"May","Guareí"
"SDMay62","Celtis iguanaea",2019-05-18 09:55:00,781845.064058674,7407945.12373244,"AG 118",2019-05-18 13:07:00,781662.655947712,7407832.21909347,"FGM68",4,214.513799090158,192,13:07:00,"May","Guareí"
"SDMay63","Celtis iguanaea",2019-05-20 09:55:00,781881.207341643,7407898.87342631,"AG 163",2019-05-20 11:03:00,781873.996794578,7407904.99983201,"FGM71",3,9.46366736514406,74,11:03:00,"May","Guareí"
"SDMay64","Diospyros inconstans",2019-05-20 09:49:00,781866.17812457,7407872.45228,"AG 165",2019-05-20 11:03:00,781873.996794578,7407904.99983201,"FGM71",1,33.476184071472,68,11:03:00,"May","Guareí"
"SDMay65","Celtis iguanaea",2019-05-20 09:59:00,781882.970580149,7407900.06595431,"AG 156",2019-05-20 11:08:00,781863.53556654,7407921.16412519,"FGM72",6,28.6760004183146,69,11:08:00,"May","Guareí"
"SDMay66","Celtis iguanaea",2019-05-20 09:59:00,781882.970580149,7407900.06595431,"AG 156",2019-05-20 11:09:00,781863.53556654,7407921.16412519,"FGM73",3,28.6760004183146,70,11:09:00,"May","Guareí"
"SDMay67","Celtis iguanaea",2019-05-20 09:59:00,781882.970580149,7407900.06595431,"AG 156",2019-05-20 11:22:00,781863.53556654,7407921.16412519,"FGM74",2,28.6760004183146,83,11:22:00,"May","Guareí"
"SDMay68","Celtis iguanaea",2019-05-20 09:59:00,781882.970580149,7407900.06595431,"AG 156",2019-05-20 11:32:00,781867.59861166,7407946.57507716,"FGM75",9,48.9838442752206,93,11:32:00,"May","Guareí"
"SDMay69","Celtis iguanaea",2019-05-20 11:10:00,781863.53556654,7407921.16412519,"AG 77",2019-05-20 12:03:00,781866.996794755,7407959.999832,"FGM76",6,38.9938097649892,53,12:03:00,"May","Guareí"
"SDMay70","Celtis iguanaea",2019-05-20 11:10:00,781863.53556654,7407921.16412519,"AG 77",2019-05-20 12:05:00,781866.996794755,7407959.999832,"FGM77",2,38.9938097649892,55,12:05:00,"May","Guareí"
"SDMay71","Celtis iguanaea",2019-05-20 11:10:00,781863.53556654,7407921.16412519,"AG 77",2019-05-20 12:07:00,781866.996794755,7407959.999832,"FGM78",11,38.9938097649892,57,12:07:00,"May","Guareí"
"SDMay72","Celtis iguanaea",2019-05-20 11:10:00,781863.53556654,7407921.16412519,"AG 77",2019-05-20 12:12:00,781867.996794736,7407956.999832,"FGM79",10,36.1164394699836,62,12:12:00,"May","Guareí"
"SDMay73","Celtis iguanaea",2019-05-20 11:10:00,781863.53556654,7407921.16412519,"AG 77",2019-05-20 12:12:00,781867.996794736,7407956.999832,"FGM79",4,36.1164394699836,62,12:12:00,"May","Guareí"
"SDMay74","Celtis iguanaea",2019-05-20 11:25:00,781867.59861166,7407946.57507716,"AG 106",2019-05-20 12:17:00,781863.996794814,7407971.999832,"FGM80",6,25.6736518632633,52,12:17:00,"May","Guareí"
"SDMay75","Celtis iguanaea",2019-05-20 11:25:00,781867.59861166,7407946.57507716,"AG 106",2019-05-20 12:23:00,781883.996794549,7407977.99983203,"FGM81",7,35.442578912885,58,12:23:00,"May","Guareí"
"SDMay76","Celtis iguanaea",2019-05-20 11:25:00,781867.59861166,7407946.57507716,"AG 106",2019-05-20 12:23:00,781883.996794549,7407977.99983203,"FGM81",4,35.442578912885,58,12:23:00,"May","Guareí"
"SDMay77","Celtis iguanaea",2019-05-20 11:45:00,781937.266108212,7407963.19271132,"AG 167",2019-05-20 12:55:00,781883.982716122,7407995.47392613,"FGM82",14,62.3042735288734,70,12:55:00,"May","Guareí"
"SDMay78","Celtis iguanaea",2019-05-20 11:45:00,781937.266108212,7407963.19271132,"AG 167",2019-05-20 12:55:00,781883.982716122,7407995.47392613,"FGM82",6,62.3042735288734,70,12:55:00,"May","Guareí"
"SDMay79","Celtis iguanaea",2019-05-20 11:45:00,781937.266108212,7407963.19271132,"AG 167",2019-05-20 12:59:00,781885.99679455,7407996.99983204,"FGM83",5,61.4144038477473,74,12:59:00,"May","Guareí"
"SDJun1","Celtis iguanaea",2019-06-10 15:59:00,781970.579031846,7407892.28485961,"AG 152",2019-06-11 07:36:00,781969.802383584,7407899.62025156,"FGJ14",5,7.38132779367469,937,15:37:00,"Jun","Guareí"
"SDJun1","Celtis iguanaea",2019-06-10 15:59:00,781970.579031846,7407892.28485961,"AG 152",2019-06-11 07:36:00,781969.802383584,7407899.62025156,"FGJ14",5,7.38132779367469,937,15:36:00,"Jun","Guareí"
"SDJun2","Pereskia aculeata",2019-06-10 10:14:00,782027.742789343,7407442.75872552,"AG 171-Z",2019-06-11 07:36:00,781969.802383584,7407899.62025156,"FGJ14",5,460.519384174325,1282,21:22:00,"Jun","Guareí"
"SDJun2","Pereskia aculeata",2019-06-10 10:14:00,782027.742789343,7407442.75872552,"AG 171-Z",2019-06-11 07:36:00,781969.802383584,7407899.62025156,"FGJ14",5,460.519384174325,1282,21:22:00,"Jun","Guareí"
"SDJun3","Celtis iguanaea",2019-06-10 15:59:00,781970.579031846,7407892.28485961,"AG 152",2019-06-11 07:37:00,781969.802383584,7407899.62025156,"FGJ15",1,7.38132779367469,938,15:38:00,"Jun","Guareí"
"SDJun3","Celtis iguanaea",2019-06-10 15:59:00,781970.579031846,7407892.28485961,"AG 152",2019-06-11 07:37:00,781969.802383584,7407899.62025156,"FGJ15",1,7.38132779367469,938,15:38:00,"Jun","Guareí"
"SDJun4","Celtis iguanaea",2019-06-10 15:59:00,781970.579031846,7407892.28485961,"AG 152",2019-06-11 07:43:00,781941.773118317,7407915.59709014,"FGJ16",3,37.0653274633717,944,15:44:00,"Jun","Guareí"
"SDJun4","Celtis iguanaea",2019-06-10 15:59:00,781970.579031846,7407892.28485961,"AG 152",2019-06-11 07:43:00,781941.773118317,7407915.59709014,"FGJ16",3,37.0653274633717,944,15:44:00,"Jun","Guareí"
"SDJun5","Celtis iguanaea",2019-06-10 15:59:00,781970.579031846,7407892.28485961,"AG 152",2019-06-11 07:48:00,781948.384784693,7407919.70674236,"FGJ17",2,35.2880277145321,949,15:49:00,"Jun","Guareí"
"SDJun5","Celtis iguanaea",2019-06-10 15:59:00,781970.579031846,7407892.28485961,"AG 152",2019-06-11 07:48:00,781948.384784693,7407919.70674236,"FGJ17",2,35.2880277145321,949,15:49:00,"Jun","Guareí"
"SDJun6","Celtis iguanaea",2019-06-10 15:59:00,781970.579031846,7407892.28485961,"AG 152",2019-06-11 07:52:00,781948.384784693,7407919.70674236,"FGJ18",6,35.2880277145321,953,15:53:00,"Jun","Guareí"
"SDJun6","Celtis iguanaea",2019-06-10 15:59:00,781970.579031846,7407892.28485961,"AG 152",2019-06-11 07:52:00,781948.384784693,7407919.70674236,"FGJ18",6,35.2880277145321,953,15:53:00,"Jun","Guareí"
"SDJun7","Celtis iguanaea",2019-06-10 15:59:00,781970.579031846,7407892.28485961,"AG 152",2019-06-11 07:55:00,781946.287522355,7407922.56178984,"FGJ19",3,38.818584466149,956,15:56:00,"Jun","Guareí"
"SDJun7","Celtis iguanaea",2019-06-10 15:59:00,781970.579031846,7407892.28485961,"AG 152",2019-06-11 07:55:00,781946.287522355,7407922.56178984,"FGJ19",3,38.818584466149,956,15:56:00,"Jun","Guareí"
"SDJun8","Celtis iguanaea",2019-06-10 15:59:00,781970.579031846,7407892.28485961,"AG 152",2019-06-11 07:55:00,781946.287522355,7407922.56178984,"FGJ19",1,38.818584466149,956,15:56:00,"Jun","Guareí"
"SDJun8","Celtis iguanaea",2019-06-10 15:59:00,781970.579031846,7407892.28485961,"AG 152",2019-06-11 07:55:00,781946.287522355,7407922.56178984,"FGJ19",1,38.818584466149,956,15:56:00,"Jun","Guareí"
"SDJun9","Celtis iguanaea",2019-06-10 15:59:00,781970.579031846,7407892.28485961,"AG 152",2019-06-11 07:58:00,781942.868243084,7407919.05988808,"FGJ20",4,38.5358599224413,959,15:59:00,"Jun","Guareí"
"SDJun9","Celtis iguanaea",2019-06-10 15:59:00,781970.579031846,7407892.28485961,"AG 152",2019-06-11 07:58:00,781942.868243084,7407919.05988808,"FGJ20",4,38.5358599224413,959,15:59:00,"Jun","Guareí"
"SDJun10","Celtis iguanaea",2019-06-10 15:59:00,781970.579031846,7407892.28485961,"AG 152",2019-06-11 08:42:00,781863.613274498,7407918.50568483,"FGJ21",3,110.138974936072,1003,16:43:00,"Jun","Guareí"
"SDJun10","Celtis iguanaea",2019-06-10 15:59:00,781970.579031846,7407892.28485961,"AG 152",2019-06-11 08:42:00,781863.613274498,7407918.50568483,"FGJ21",3,110.138974936072,1003,16:43:00,"Jun","Guareí"
"SDJun11","Celtis iguanaea",2019-06-11 08:07:00,781897.188481099,7407900.23037001,"AG 65",2019-06-11 09:03:00,781849.668448401,7407955.89565202,"FGJ22",7,73.1935741713876,56,09:03:00,"Jun","Guareí"
"SDJun11","Celtis iguanaea",2019-06-11 08:07:00,781897.188481099,7407900.23037001,"AG 65",2019-06-11 09:03:00,781849.668448401,7407955.89565202,"FGJ22",7,73.1935741713876,56,09:03:00,"Jun","Guareí"
"SDJun12","Celtis iguanaea",2019-06-11 08:07:00,781911.884942546,7407908.82097278,"AG 23",2019-06-11 09:13:00,781867.59861166,7407946.57507716,"FGJ23",4,58.1939515756199,66,09:13:00,"Jun","Guareí"
"SDJun12","Celtis iguanaea",2019-06-11 08:07:00,781911.884942546,7407908.82097278,"AG 23",2019-06-11 09:13:00,781867.59861166,7407946.57507716,"FGJ23",4,58.1939515756199,66,09:13:00,"Jun","Guareí"
"SDJun13","Celtis iguanaea",2019-06-11 08:46:00,781849.668448401,7407955.89565202,"AG 178",2019-06-11 09:48:00,781883.982716122,7407995.47392613,"FGJ24",6,52.373285174273,62,09:48:00,"Jun","Guareí"
"SDJun13","Celtis iguanaea",2019-06-11 08:46:00,781849.668448401,7407955.89565202,"AG 178",2019-06-11 09:48:00,781883.982716122,7407995.47392613,"FGJ24",6,52.373285174273,62,09:48:00,"Jun","Guareí"
"SDJun14","Celtis iguanaea",2019-06-11 08:46:00,781849.668448401,7407955.89565202,"AG 178",2019-06-11 09:50:00,781883.982716122,7407995.47392613,"FGJ25",2,52.373285174273,64,09:50:00,"Jun","Guareí"
"SDJun14","Celtis iguanaea",2019-06-11 08:46:00,781849.668448401,7407955.89565202,"AG 178",2019-06-11 09:50:00,781883.982716122,7407995.47392613,"FGJ25",2,52.373285174273,64,09:50:00,"Jun","Guareí"
"SDJun15","Cissus sulcicaulis",2019-06-11 12:14:00,781844.554817197,7408137.5395317,"AG 180",2019-06-12 07:21:00,781654.258634024,7408124.22646095,"FGJ26",4,190.754921823798,1147,19:07:00,"Jun","Guareí"
"SDJun15","Cissus sulcicaulis",2019-06-11 12:14:00,781844.554817197,7408137.5395317,"AG 180",2019-06-12 07:21:00,781654.258634024,7408124.22646095,"FGJ26",4,190.754921823798,1147,19:07:00,"Jun","Guareí"
"SDJun16","Pereskia aculeata",2019-06-11 14:03:00,781607.133162984,7408029.81217488,"AG 181",2019-06-12 07:24:00,781651.171203255,7408127.31406599,"FGJ27",22,106.984912955067,1041,17:21:00,"Jun","Guareí"
"SDJun16","Pereskia aculeata",2019-06-11 14:03:00,781607.133162984,7408029.81217488,"AG 181",2019-06-12 07:24:00,781651.171203255,7408127.31406599,"FGJ27",22,106.984912955067,1041,17:21:00,"Jun","Guareí"
"SDJun17","Cissus sulcicaulis",2019-06-11 12:14:00,781844.554817197,7408137.5395317,"AG 180",2019-06-12 07:24:00,781651.171203255,7408127.31406599,"FGJ27",3,193.650399689778,1150,19:10:00,"Jun","Guareí"
"SDJun17","Cissus sulcicaulis",2019-06-11 12:14:00,781844.554817197,7408137.5395317,"AG 180",2019-06-12 07:24:00,781651.171203255,7408127.31406599,"FGJ27",3,193.650399689778,1150,19:10:00,"Jun","Guareí"
"SDJun18","Cissus sulcicaulis",2019-06-11 12:14:00,781844.554817197,7408137.5395317,"AG 180",2019-06-12 07:26:00,781651.171203255,7408127.31406599,"FGJ28",3,193.650399689778,1152,19:12:00,"Jun","Guareí"
"SDJun18","Cissus sulcicaulis",2019-06-11 12:14:00,781844.554817197,7408137.5395317,"AG 180",2019-06-12 07:26:00,781651.171203255,7408127.31406599,"FGJ28",3,193.650399689778,1152,16:12:00,"Jun","Guareí"
"SDJun19","Pereskia aculeata",2019-06-11 14:03:00,781607.133162984,7408029.81217488,"AG 181",2019-06-12 07:26:00,781651.171203255,7408127.31406599,"FGJ28",5,106.984912955067,1043,17:23:00,"Jun","Guareí"
"SDJun19","Pereskia aculeata",2019-06-11 14:03:00,781607.133162984,7408029.81217488,"AG 181",2019-06-12 07:26:00,781651.171203255,7408127.31406599,"FGJ28",5,106.984912955067,1043,17:23:00,"Jun","Guareí"
"SDJun20","Pereskia aculeata",2019-06-11 14:03:00,781607.133162984,7408029.81217488,"AG 181",2019-06-12 07:26:00,781651.171203255,7408127.31406599,"FGJ28",6,106.984912955067,1043,17:23:00,"Jun","Guareí"
"SDJun20","Pereskia aculeata",2019-06-11 14:03:00,781607.133162984,7408029.81217488,"AG 181",2019-06-12 07:26:00,781651.171203255,7408127.31406599,"FGJ28",6,106.984912955067,1043,17:23:00,"Jun","Guareí"
"SDJun21","Pereskia aculeata",2019-06-11 14:03:00,781607.133162984,7408029.81217488,"AG 181",2019-06-12 07:32:00,781647.355764245,7408118.33856223,"FGJ29",13,97.2420372063681,1049,17:29:00,"Jun","Guareí"
"SDJun21","Pereskia aculeata",2019-06-11 14:03:00,781607.133162984,7408029.81217488,"AG 181",2019-06-12 07:32:00,781647.355764245,7408118.33856223,"FGJ29",13,97.2420372063681,1049,17:29:00,"Jun","Guareí"
"SDJun22","Pereskia aculeata",2019-06-12 08:42:00,781648.578475705,7407939.79379625,"AG 182",2019-06-12 10:11:00,781741.426886459,7407619.80996642,"FGJ30",3,333.179115342339,89,10:11:00,"Jun","Guareí"
"SDJun22","Pereskia aculeata",2019-06-12 08:42:00,781648.578475705,7407939.79379625,"AG 182",2019-06-12 10:11:00,781741.426886459,7407619.80996642,"FGJ30",3,333.179115342339,89,10:11:00,"Jun","Guareí"
"SDJun23","Pereskia aculeata",2019-06-12 08:42:00,781648.578475705,7407939.79379625,"AG 182",2019-06-12 12:06:00,781828.105657177,7407874.35166003,"FGJ34",2,191.084835871567,204,12:06:00,"Jun","Guareí"
"SDJun23","Pereskia aculeata",2019-06-12 08:42:00,781648.578475705,7407939.79379625,"AG 182",2019-06-12 12:06:00,781828.105657177,7407874.35166003,"FGJ34",2,191.084835871567,204,12:06:00,"Jun","Guareí"
"SDJun24","Celtis iguanaea",2019-06-12 12:09:00,781863.472843977,7407902.21363497,"AG 186",2019-06-12 13:13:00,781725.081311914,7407917.93345944,"FGJ36",7,139.279971639844,64,13:13:00,"Jun","Guareí"
"SDJun24","Celtis iguanaea",2019-06-12 12:09:00,781863.472843977,7407902.21363497,"AG 186",2019-06-12 13:13:00,781725.081311914,7407917.93345944,"FGJ36",7,139.279971639844,64,13:13:00,"Jun","Guareí"
"SDJun25","Celtis iguanaea",2019-06-12 12:30:00,781863.53556654,7407921.16412519,"AG 77",2019-06-12 13:32:00,781725.081311914,7407917.93345944,"FGJ38",6,138.497669655575,62,13:32:00,"Jun","Guareí"
"SDJun25","Celtis iguanaea",2019-06-12 12:30:00,781863.53556654,7407921.16412519,"AG 77",2019-06-12 13:32:00,781725.081311914,7407917.93345944,"FGJ38",6,138.497669655575,62,13:32:00,"Jun","Guareí"
"SDJun26","Celtis iguanaea",2019-06-12 12:50:00,781866.889971211,7407936.05687977,"AG 187",2019-06-12 13:44:00,781725.081311914,7407917.93345944,"FGJ39",7,142.964236786729,54,13:44:00,"Jun","Guareí"
"SDJun26","Celtis iguanaea",2019-06-12 12:50:00,781866.889971211,7407936.05687977,"AG 187",2019-06-12 13:44:00,781725.081311914,7407917.93345944,"FGJ39",7,142.964236786729,54,13:44:00,"Jun","Guareí"
"SDJun27","Celtis iguanaea",2019-06-12 12:53:00,781867.59861166,7407946.57507716,"AG 106",2019-06-12 14:15:00,781725.081311914,7407917.93345944,"FGJ40",4,145.371155667232,82,14:15:00,"Jun","Guareí"
"SDJun27","Celtis iguanaea",2019-06-12 12:53:00,781867.59861166,7407946.57507716,"AG 106",2019-06-12 14:15:00,781725.081311914,7407917.93345944,"FGJ40",4,145.371155667232,82,14:15:00,"Jun","Guareí"
"SDJun28","Celtis iguanaea",2019-06-12 12:53:00,781867.59861166,7407946.57507716,"AG 106",2019-06-12 14:17:00,781725.081311914,7407917.93345944,"FGJ41",9,145.371155667232,84,14:17:00,"Jun","Guareí"
"SDJun28","Celtis iguanaea",2019-06-12 12:53:00,781867.59861166,7407946.57507716,"AG 106",2019-06-12 14:17:00,781725.081311914,7407917.93345944,"FGJ41",9,145.371155667232,84,14:17:00,"Jun","Guareí"
"SDJun29","Celtis iguanaea",2019-06-12 12:53:00,781867.59861166,7407946.57507716,"AG 106",2019-06-12 14:30:00,781852.232715374,7407956.38538695,"FGJ42",6,18.2338421620847,97,14:30:00,"Jun","Guareí"
"SDJun29","Celtis iguanaea",2019-06-12 12:53:00,781867.59861166,7407946.57507716,"AG 106",2019-06-12 14:30:00,781852.232715374,7407956.38538695,"FGJ42",6,18.2338421620847,97,14:30:00,"Jun","Guareí"
"SDJun30","Celtis iguanaea",2019-06-12 12:53:00,781867.59861166,7407946.57507716,"AG 106",2019-06-12 14:36:00,781847.980665513,7407955.50990895,"FGJ43",9,21.5566532651637,103,14:36:00,"Jun","Guareí"
"SDJun30","Celtis iguanaea",2019-06-12 12:53:00,781867.59861166,7407946.57507716,"AG 106",2019-06-12 14:36:00,781847.980665513,7407955.50990895,"FGJ43",9,21.5566532651637,103,14:36:00,"Jun","Guareí"
"SDJun31","Celtis iguanaea",2019-06-12 12:53:00,781867.59861166,7407946.57507716,"AG 106",2019-06-12 14:42:00,781851.55225291,7407954.42892388,"FGJ44",8,17.8668687797249,109,14:42:00,"Jun","Guareí"
"SDJun31","Celtis iguanaea",2019-06-12 12:53:00,781867.59861166,7407946.57507716,"AG 106",2019-06-12 14:42:00,781851.55225291,7407954.42892388,"FGJ44",8,17.8668687797249,109,14:42:00,"Jun","Guareí"
"SDJun32","Celtis iguanaea",2019-06-12 15:05:00,781867.59861166,7407946.57507716,"AG 106",2019-06-13 07:23:00,781740.418028685,7407964.91697518,"FGJ45",4,128.495556343315,978,16:18:00,"Jun","Guareí"
"SDJun32","Celtis iguanaea",2019-06-12 15:05:00,781867.59861166,7407946.57507716,"AG 106",2019-06-13 07:23:00,781740.418028685,7407964.91697518,"FGJ45",4,128.495556343315,978,16:18:00,"Jun","Guareí"
"SDJun33","Celtis iguanaea",2019-06-12 15:05:00,781867.59861166,7407946.57507716,"AG 106",2019-06-13 07:23:00,781740.418028685,7407964.91697518,"FGJ45",3,128.495556343315,978,16:18:00,"Jun","Guareí"
"SDJun33","Celtis iguanaea",2019-06-12 15:05:00,781867.59861166,7407946.57507716,"AG 106",2019-06-13 07:23:00,781740.418028685,7407964.91697518,"FGJ45",3,128.495556343315,978,16:18:00,"Jun","Guareí"
"SDJun34","Celtis iguanaea",2019-06-12 15:05:00,781867.59861166,7407946.57507716,"AG 106",2019-06-13 07:26:00,781740.418028685,7407964.91697518,"FGJ46",8,128.495556343315,981,16:21:00,"Jun","Guareí"
"SDJun34","Celtis iguanaea",2019-06-12 15:05:00,781867.59861166,7407946.57507716,"AG 106",2019-06-13 07:26:00,781740.418028685,7407964.91697518,"FGJ46",8,128.495556343315,981,16:21:00,"Jun","Guareí"
"SDJun35","Celtis iguanaea",2019-06-12 15:05:00,781867.59861166,7407946.57507716,"AG 106",2019-06-13 08:08:00,781757.374842378,7407965.73516519,"FGJ47",10,111.88278911433,1023,17:03:00,"Jun","Guareí"
"SDJun35","Celtis iguanaea",2019-06-12 15:05:00,781867.59861166,7407946.57507716,"AG 106",2019-06-13 08:08:00,781757.374842378,7407965.73516519,"FGJ47",10,111.88278911433,1023,17:03:00,"Jun","Guareí"
"SDJun36","Celtis iguanaea",2019-06-12 15:05:00,781867.59861166,7407946.57507716,"AG 106",2019-06-13 08:25:00,781795.006611915,7407991.41726638,"FGJ48",1,85.3225275058229,1040,17:20:00,"Jun","Guareí"
"SDJun36","Celtis iguanaea",2019-06-12 15:05:00,781867.59861166,7407946.57507716,"AG 106",2019-06-13 08:25:00,781795.006611915,7407991.41726638,"FGJ48",1,85.3225275058229,1040,17:20:00,"Jun","Guareí"
"SDJun37","Celtis iguanaea",2019-06-13 13:40:00,781960.127543418,7408008.64777877,"AG 193-Y",2019-06-13 14:28:00,781965.39925002,7408031.42822102,"FGJ50",4,23.3816445095217,48,14:28:00,"Jun","Guareí"
"SDJun37","Celtis iguanaea",2019-06-13 13:40:00,781960.127543418,7408008.64777877,"AG 193-Y",2019-06-13 14:28:00,781965.39925002,7408031.42822102,"FGJ50",4,23.3816445095217,48,14:28:00,"Jun","Guareí"
"SDJun38","Celtis iguanaea",2019-06-13 14:21:00,781960.127543418,7408008.64777877,"AG 193-Y",2019-06-13 15:32:00,781897.188481099,7407900.23037001,"FGJ51",3,125.364827603246,71,15:32:00,"Jun","Guareí"
"SDJun38","Celtis iguanaea",2019-06-13 14:21:00,781960.127543418,7408008.64777877,"AG 193-Y",2019-06-13 15:32:00,781897.188481099,7407900.23037001,"FGJ51",3,125.364827603246,71,15:32:00,"Jun","Guareí"
"SDJun39","Celtis iguanaea",2019-06-13 14:21:00,781960.127543418,7408008.64777877,"AG 193-Y",2019-06-13 15:34:00,781897.188481099,7407900.23037001,"FGJ52",2,125.364827603246,73,15:34:00,"Jun","Guareí"
"SDJun39","Celtis iguanaea",2019-06-13 14:21:00,781960.127543418,7408008.64777877,"AG 193-Y",2019-06-13 15:34:00,781897.188481099,7407900.23037001,"FGJ52",2,125.364827603246,73,15:34:00,"Jun","Guareí"
"SDJun40","Celtis iguanaea",2019-06-13 14:58:00,781925.38440224,7407924.74575223,"AG 153-Y",2019-06-13 15:52:00,781897.188481099,7407900.23037001,"FGJ53",3,37.3618321282762,54,15:52:00,"Jun","Guareí"
"SDJun40","Celtis iguanaea",2019-06-13 14:58:00,781925.38440224,7407924.74575223,"AG 153-Y",2019-06-13 15:52:00,781897.188481099,7407900.23037001,"FGJ53",3,37.3618321282762,54,15:52:00,"Jun","Guareí"
"SDJun41","Celtis iguanaea",2019-06-13 14:58:00,781925.38440224,7407924.74575223,"AG 153-Y",2019-06-13 15:54:00,781897.188481099,7407900.23037001,"FGJ54",7,37.3618321282762,56,15:54:00,"Jun","Guareí"
"SDJun41","Celtis iguanaea",2019-06-13 14:58:00,781925.38440224,7407924.74575223,"AG 153-Y",2019-06-13 15:54:00,781897.188481099,7407900.23037001,"FGJ54",7,37.3618321282762,56,15:54:00,"Jun","Guareí"
"SDJun42","Celtis iguanaea",2019-06-13 15:02:00,781897.188481099,7407900.23037001,"AG 65",2019-06-13 16:00:00,781897.188481099,7407900.23037001,"FGJ55",6,0,58,16:00:00,"Jun","Guareí"
"SDJun42","Celtis iguanaea",2019-06-13 15:02:00,781897.188481099,7407900.23037001,"AG 65",2019-06-13 16:00:00,781897.188481099,7407900.23037001,"FGJ55",6,0,58,16:00:00,"Jun","Guareí"
"SDJun43","Celtis iguanaea",2019-06-13 15:02:00,781897.188481099,7407900.23037001,"AG 65",2019-06-13 16:00:00,781897.188481099,7407900.23037001,"FGJ55",6,0,58,16:00:00,"Jun","Guareí"
"SDJun43","Celtis iguanaea",2019-06-13 15:02:00,781897.188481099,7407900.23037001,"AG 65",2019-06-13 16:00:00,781897.188481099,7407900.23037001,"FGJ55",6,0,58,16:00:00,"Jun","Guareí"
"SDJun44","Celtis iguanaea",2019-06-13 15:02:00,781897.188481099,7407900.23037001,"AG 65",2019-06-13 16:22:00,781925.876419174,7407918.6513487,"FGJ56",3,34.0941710560725,80,16:22:00,"Jun","Guareí"
"SDJun44","Celtis iguanaea",2019-06-13 15:02:00,781897.188481099,7407900.23037001,"AG 65",2019-06-13 16:22:00,781925.876419174,7407918.6513487,"FGJ56",3,34.0941710560725,80,16:22:00,"Jun","Guareí"
"SDJun45","Celtis iguanaea",2019-06-13 15:02:00,781897.188481099,7407900.23037001,"AG 65",2019-06-14 07:11:00,781961.004382021,7407860.13879957,"FGJ71",2,75.358637196209,969,16:09:00,"Jun","Guareí"
"SDJun45","Celtis iguanaea",2019-06-13 15:02:00,781897.188481099,7407900.23037001,"AG 65",2019-06-14 07:11:00,781961.004382021,7407860.13879957,"FGJ71",2,75.358637196209,969,16:09:00,"Jun","Guareí"
"SDJun46","Celtis iguanaea",2019-06-13 15:02:00,781897.188481099,7407900.23037001,"AG 65",2019-06-14 07:11:00,781961.004382021,7407860.13879957,"FGJ57",1,75.358637196209,969,16:09:00,"Jun","Guareí"
"SDJun46","Celtis iguanaea",2019-06-13 15:02:00,781897.188481099,7407900.23037001,"AG 65",2019-06-14 07:11:00,781961.004382021,7407860.13879957,"FGJ57",1,75.358637196209,969,16:09:00,"Jun","Guareí"
"SDJun47","Celtis iguanaea",2019-06-13 15:02:00,781897.188481099,7407900.23037001,"AG 65",2019-06-14 09:29:00,782000.083514121,7407433.24607223,"FGJ58",1,478.180585658201,1107,18:27:00,"Jun","Guareí"
"SDJun47","Celtis iguanaea",2019-06-13 15:02:00,781897.188481099,7407900.23037001,"AG 65",2019-06-14 09:29:00,782000.083514121,7407433.24607223,"FGJ58",1,478.180585658201,1107,18:27:00,"Jun","Guareí"
"SDJun48","Pereskia aculeata",2019-06-14 07:26:00,782008.809434638,7407853.42661364,"AG 194-Z",2019-06-14 10:28:00,781948.22287655,7407489.11585792,"FGJ62",2,369.314126726438,182,10:28:00,"Jun","Guareí"
"SDJun48","Pereskia aculeata",2019-06-14 07:26:00,782008.809434638,7407853.42661364,"AG 194-Z",2019-06-14 10:28:00,781948.22287655,7407489.11585792,"FGJ62",2,369.314126726438,182,10:28:00,"Jun","Guareí"
"SDJun49","Pereskia aculeata",2019-06-14 07:26:00,782008.809434638,7407853.42661364,"AG 194-Z",2019-06-14 10:36:00,781926.206147771,7407500.26754916,"FGJ63",1,362.690978106874,190,10:36:00,"Jun","Guareí"
"SDJun49","Pereskia aculeata",2019-06-14 07:26:00,782008.809434638,7407853.42661364,"AG 194-Z",2019-06-14 10:36:00,781926.206147771,7407500.26754916,"FGJ63",1,362.690978106874,190,10:36:00,"Jun","Guareí"
"SDJun50","Pereskia aculeata",2019-06-14 08:47:00,782027.742789343,7407442.75872552,"AG 171-Z",2019-06-14 12:38:00,781914.858788794,7407601.17975079,"FGJ66",6,194.521954544924,231,12:38:00,"Jun","Guareí"
"SDJun50","Pereskia aculeata",2019-06-14 08:47:00,782027.742789343,7407442.75872552,"AG 171-Z",2019-06-14 12:38:00,781914.858788794,7407601.17975079,"FGJ66",6,194.521954544924,231,12:38:00,"Jun","Guareí"
"SDJun51","Pereskia aculeata",2019-06-14 08:47:00,782027.742789343,7407442.75872552,"AG 171-Z",2019-06-14 13:03:00,781929.058087771,7407636.20073672,"FGJ67",2,217.156109746297,256,13:03:00,"Jun","Guareí"
"SDJun51","Pereskia aculeata",2019-06-14 08:47:00,782027.742789343,7407442.75872552,"AG 171-Z",2019-06-14 13:03:00,781929.058087771,7407636.20073672,"FGJ67",2,217.156109746297,256,13:03:00,"Jun","Guareí"
"SDJun52","Celtis iguanaea",2019-06-14 16:02:00,781986.388623409,7407884.22483359,"AG 96-Y",2019-06-15 06:58:00,781947.302214271,7407840.34398413,"FGJ72",4,58.7663381536373,896,14:56:00,"Jun","Guareí"
"SDJun52","Celtis iguanaea",2019-06-14 16:02:00,781986.388623409,7407884.22483359,"AG 96-Y",2019-06-15 06:58:00,781947.302214271,7407840.34398413,"FGJ72",4,58.7663381536373,896,14:56:00,"Jun","Guareí"
"SDJun53","Celtis iguanaea",2019-06-14 16:02:00,781986.388623409,7407884.22483359,"AG 96-Y",2019-06-15 07:06:00,781943.578616564,7407809.7581212,"FGJ73",2,85.8893922437412,904,15:04:00,"Jun","Guareí"
"SDJun53","Celtis iguanaea",2019-06-14 16:02:00,781986.388623409,7407884.22483359,"AG 96-Y",2019-06-15 07:06:00,781943.578616564,7407809.7581212,"FGJ73",2,85.8893922437412,904,15:04:00,"Jun","Guareí"
"SDJun54","Celtis iguanaea",2019-06-14 16:29:00,781970.579031846,7407892.28485961,"AG 152-Y",2019-06-15 07:17:00,781892.934371572,7407783.7217221,"FGJ74",1,133.4720798523,888,14:48:00,"Jun","Guareí"
"SDJun54","Celtis iguanaea",2019-06-14 16:29:00,781970.579031846,7407892.28485961,"AG 152-Y",2019-06-15 07:17:00,781892.934371572,7407783.7217221,"FGJ74",1,133.4720798523,888,14:51:00,"Jun","Guareí"
"SDJun55","Pereskia aculeata",2019-06-15 12:42:00,782019.064342611,7407438.15919278,"AG 201-Z",2019-06-15 13:38:00,782013.538632225,7407435.68241946,"FGJ82",6,6.05151220790497,56,13:38:00,"Jun","Guareí"
"SDJun55","Pereskia aculeata",2019-06-15 12:42:00,782019.064342611,7407438.15919278,"AG 201-Z",2019-06-15 13:38:00,782013.538632225,7407435.68241946,"FGJ82",6,6.05151220790497,56,13:38:00,"Jun","Guareí"
"SDJun56","Pereskia aculeata",2019-06-15 14:09:00,782019.064342611,7407438.15919278,"AG 201-Z",2019-06-15 14:52:00,781996.272661758,7407465.23972514,"FGJ84",2,35.3936505605982,43,14:52:00,"Jun","Guareí"
"SDJun56","Pereskia aculeata",2019-06-15 14:09:00,782019.064342611,7407438.15919278,"AG 201-Z",2019-06-15 14:52:00,781996.272661758,7407465.23972514,"FGJ84",2,35.3936505605982,43,14:52:00,"Jun","Guareí"
"SDJun57","Celtis iguanaea",2019-06-17 07:32:00,781882.970580149,7407900.06595431,"AG 156",2019-06-17 08:37:00,781635.346600562,7407681.02656035,"FGJ91",4,330.596712022388,65,08:37:00,"Jun","Guareí"
"SDJun57","Celtis iguanaea",2019-06-17 07:32:00,781882.970580149,7407900.06595431,"AG 156",2019-06-17 08:37:00,781635.346600562,7407681.02656035,"FGJ91",4,330.596712022388,65,08:37:00,"Jun","Guareí"
"SDJun58","Celtis iguanaea",2019-06-17 07:32:00,781882.970580149,7407900.06595431,"AG 156",2019-06-17 08:40:00,781824.20971748,7407879.08983687,"FGJ92",3,62.3930925665642,68,08:40:00,"Jun","Guareí"
"SDJun58","Celtis iguanaea",2019-06-17 07:32:00,781882.970580149,7407900.06595431,"AG 156",2019-06-17 08:40:00,781824.20971748,7407879.08983687,"FGJ92",3,62.3930925665642,68,08:40:00,"Jun","Guareí"
"SDJun59","Celtis iguanaea",2019-06-17 07:32:00,781882.970580149,7407900.06595431,"AG 156",2019-06-17 08:47:00,781789.175307053,7407861.4404572,"FGJ93",2,101.433924305316,75,08:47:00,"Jun","Guareí"
"SDJun59","Celtis iguanaea",2019-06-17 07:32:00,781882.970580149,7407900.06595431,"AG 156",2019-06-17 08:47:00,781789.175307053,7407861.4404572,"FGJ93",2,101.433924305316,75,08:47:00,"Jun","Guareí"
"SDJun60","Celtis iguanaea",2019-06-17 08:08:00,781867.167573686,7407897.26562816,"AG 125",2019-06-17 08:56:00,781775.842175273,7407867.18605357,"FGJ94",5,96.1559946127232,48,08:56:00,"Jun","Guareí"
"SDJun60","Celtis iguanaea",2019-06-17 08:08:00,781867.167573686,7407897.26562816,"AG 125",2019-06-17 08:56:00,781775.842175273,7407867.18605357,"FGJ94",5,96.1559946127232,48,08:56:00,"Jun","Guareí"
"SDJun61","Celtis iguanaea",2019-06-17 08:14:00,781863.472843977,7407902.21363497,"AG 186",2019-06-17 09:38:00,781731.760712655,7407932.30739322,"FGJ95",4,135.105640518698,84,09:38:00,"Jun","Guareí"
"SDJun61","Celtis iguanaea",2019-06-17 08:14:00,781863.472843977,7407902.21363497,"AG 186",2019-06-17 09:38:00,781731.760712655,7407932.30739322,"FGJ95",4,135.105640518698,84,09:38:00,"Jun","Guareí"
"SDJun62","Celtis iguanaea",2019-06-17 08:14:00,781863.472843977,7407902.21363497,"AG 186",2019-06-17 09:46:00,781716.825850339,7407965.91651285,"FGJ96",1,159.881999299481,92,09:46:00,"Jun","Guareí"
"SDJun62","Celtis iguanaea",2019-06-17 08:14:00,781863.472843977,7407902.21363497,"AG 186",2019-06-17 09:46:00,781716.825850339,7407965.91651285,"FGJ96",1,159.881999299481,92,09:46:00,"Jun","Guareí"
"SDJun63","Celtis iguanaea",2019-06-17 09:06:00,781723.096721547,7407889.04226809,"AG 204",2019-06-17 10:14:00,781703.638795748,7408034.86860608,"FGJ97",3,147.122671604414,68,10:14:00,"Jun","Guareí"
"SDJun63","Celtis iguanaea",2019-06-17 09:06:00,781723.096721547,7407889.04226809,"AG 204",2019-06-17 10:14:00,781703.638795748,7408034.86860608,"FGJ97",3,147.122671604414,68,10:14:00,"Jun","Guareí"
"SDJun65","Pereskia aculeata",2019-06-17 09:56:00,781697.85437225,7408008.12179571,"AG 205",2019-06-17 10:35:00,781706.417503804,7408092.27428289,"FGJ98",1,84.5852670381023,39,10:35:00,"Jun","Guareí"
"SDJun65","Pereskia aculeata",2019-06-17 09:56:00,781697.85437225,7408008.12179571,"AG 205",2019-06-17 10:35:00,781706.417503804,7408092.27428289,"FGJ98",1,84.5852670381023,39,10:35:00,"Jun","Guareí"
"SDJul21","Celtis iguanaea",2019-07-13 13:12:00,781859.258927552,7407954.38358365,"166",2019-07-13 13:50:00,781871.284968166,7407972.61267677,"FGJY28",2,21.8360550470259,38,13:50:00,"Jul","Guareí"
"SDJul22","Celtis iguanaea",2019-07-13 13:12:00,781859.258927552,7407954.38358365,"166",2019-07-13 13:53:00,781851.789825565,7407987.4411888,"FGJY29",4,33.8934285671141,41,13:53:00,"Jul","Guareí"
"SDJul33","Pereskia aculeata",2019-07-17 15:36:00,781956.506891225,7408097.15838945,"243",2019-07-18 08:01:00,782077,7407937,"FGJY48",6,200.422218578793,985,16:25:00,"Jul","Guareí"
"SDJul34","Pereskia aculeata",2019-07-17 15:36:00,781956.506891225,7408097.15838945,"243",2019-07-18 08:02:00,782077,7407937,"FGJY49",5,200.422218578793,986,16:26:00,"Jul","Guareí"
"SDJul35","Pereskia aculeata",2019-07-17 15:36:00,781956.506891225,7408097.15838945,"243",2019-07-18 08:09:00,782074,7407934,"FGJY50",2,201.059905749621,993,16:33:00,"Jul","Guareí"
"SDJul36","Pereskia aculeata",2019-07-17 15:36:00,781956.506891225,7408097.15838945,"243",2019-07-18 08:12:00,782074,7407934,"FGJY51",23,201.059905749621,996,16:36:00,"Jul","Guareí"
"SDJul37","Pereskia aculeata",2019-07-17 15:36:00,781956.506891225,7408097.15838945,"243",2019-07-18 08:14:00,782075,7407935,"FGJY52",13,200.837610272693,998,16:38:00,"Jul","Guareí"
"SDJul38","Pereskia aculeata",2019-07-17 15:36:00,781956.506891225,7408097.15838945,"243",2019-07-18 08:15:00,782075,7407935,"FGJY53",7,200.837610272693,999,16:39:00,"Jul","Guareí"
"SDJul39","Pereskia aculeata",2019-07-17 15:36:00,781956.506891225,7408097.15838945,"243",2019-07-18 08:15:00,782075,7407935,"FGJY53",8,200.837610272693,999,16:39:00,"Jul","Guareí"
"SDJul40","Pereskia aculeata",2019-07-17 15:36:00,781956.506891225,7408097.15838945,"243",2019-07-18 08:16:00,782075,7407935,"FGJY54",7,200.837610272693,1000,16:40:00,"Jul","Guareí"
"SDJul41","Pereskia aculeata",2019-07-17 15:36:00,781956.506891225,7408097.15838945,"243",2019-07-18 08:16:00,782075,7407935,"FGJY54",2,200.837610272693,1000,16:40:00,"Jul","Guareí"
"SDJul42","Pereskia aculeata",2019-07-17 15:36:00,781956.506891225,7408097.15838945,"243",2019-07-18 08:23:00,782069.517982655,7407968.42615263,"FGJY55",4,171.297031498264,1007,16:47:00,"Jul","Guareí"
