"feed_x","feed_y","def_x","def_y","id_feces","species","feed_datetime","id_feedtree","def_datetime","disp_event","n_seeds","SDD","month_id","gut_transit_time","gut_transit_time_hms","group"
371303.354035321,7499453.80832719,371492.321219277,7499367.50918562,"FTDec2017_1","Psidium longipetiolatum",2017-12-02 12:30:00,"8",2017-12-02 13:10:00,"SDTaqDec2017_1",2,205,"Dec",40,00:40:00,"Taquara"
371303.354035321,7499453.80832719,371492.321219277,7499367.50918562,"FTDec2017_2","Psidium longipetiolatum",2017-12-02 12:30:00,"8",2017-12-02 13:10:00,"SDTaqDec2017_2",1,205,"Dec",40,00:40:00,"Taquara"
372591.907515687,7499348.81932473,372674.246013861,7499621.95447868,"FTDec2017_3","Psidium longipetiolatum",2017-12-03 13:00:00,"16",2017-12-03 13:45:00,"SDTaqDec2017_3",3,267,"Dec",45,00:45:00,"Taquara"
371128.713067269,7500109.95874029,370892.958174484,7499865.51064424,"FTJan4","Psidium longipetiolatum",2018-01-27 10:15:00,"26",2018-01-27 11:45:00,"SDTaqJan4",5,327,"Jan",90,01:30:00,"Taquara"
371128.713067269,7500109.95874029,370892.958174484,7499865.51064424,"FTJan5","Psidium longipetiolatum",2018-01-27 10:15:00,"26",2018-01-27 11:55:00,"SDTaqJan5",5,327,"Jan",100,01:40:00,"Taquara"
370904.471267026,7499889.52892321,370892.958174484,7499865.51064424,"FTJan4","Campomanesia xanthocarpa",2018-01-27 11:25:00,"27",2018-01-27 11:45:00,"SDTaqJan6",7,25,"Jan",20,00:20:00,"Taquara"
370904.471267026,7499889.52892321,370892.958174484,7499865.51064424,"FTJan5","Campomanesia xanthocarpa",2018-01-27 11:25:00,"27",2018-01-27 11:55:00,"SDTaqJan7",8,25,"Jan",30,00:30:00,"Taquara"
370625.705199431,7499610.94821994,370669.662848779,7499455.15176437,"FTJan6","Campomanesia xanthocarpa",2018-01-27 13:10:00,"28",2018-01-27 14:05:00,"SDTaqJan8",9,151,"Jan",55,00:55:00,"Taquara"
370614.570648213,7499531.7262388,370899.343373869,7499234.65306336,"FTJan7","Psidium longipetiolatum",2018-01-27 13:45:00,"29",2018-01-27 15:00:00,"SDTaqJan9",3,396,"Jan",75,01:15:00,"Taquara"
370614.570648213,7499531.7262388,370980.465492283,7499258.79621567,"FTJan8","Psidium longipetiolatum",2018-01-27 13:45:00,"29",2018-01-27 15:10:00,"SDTaqJan10",5,445,"Jan",85,01:25:00,"Taquara"
370614.570648213,7499531.7262388,371030.08713832,7499276.93946389,"FTJan9","Psidium longipetiolatum",2018-01-27 13:45:00,"29",2018-01-27 15:15:00,"SDTaqJan11",1,478,"Jan",90,01:30:00,"Taquara"
370614.570648213,7499531.7262388,371030.08713832,7499276.93946389,"FTJan9","Philodendron spp.",2018-01-27 13:50:00,"30",2018-01-27 15:15:00,"SDTaqJan12",100,478,"Jan",85,01:25:00,"Taquara"
370614.570648213,7499531.7262388,370899.343373869,7499234.65306336,"FTJan7","Philodendron spp.",2018-01-27 13:50:00,"30",2018-01-27 15:00:00,"SDTaqJan13",100,396,"Jan",70,01:10:00,"Taquara"
370614.570648213,7499531.7262388,370980.465492283,7499258.79621567,"FTJan8","Philodendron spp.",2018-01-27 13:50:00,"30",2018-01-27 15:10:00,"SDTaqJan14",100,445,"Jan",80,01:20:00,"Taquara"
370856.179582422,7499233.97360576,370899.343373869,7499234.65306336,"FTJan7","Sorocea bonplandii",2018-01-27 14:45:00,"31",2018-01-27 15:00:00,"SDTaqJan15",8,43,"Jan",15,00:15:00,"Taquara"
370856.179582422,7499233.97360576,370980.465492283,7499258.79621567,"FTJan8","Sorocea bonplandii",2018-01-27 14:45:00,"31",2018-01-27 15:10:00,"SDTaqJan16",9,126,"Jan",25,00:25:00,"Taquara"
370856.179582422,7499233.97360576,371030.08713832,7499276.93946389,"FTJan9","Sorocea bonplandii",2018-01-27 14:45:00,"31",2018-01-27 15:15:00,"SDTaqJan17",9,178,"Jan",30,00:30:00,"Taquara"
371558.472529508,7499198.76097474,371723.633018645,7499027.42865779,"FTJan10","Psidium longipetiolatum",2018-01-28 11:45:00,"39",2018-01-28 12:35:00,"SDTaqJan18",6,229,"Jan",50,00:50:00,"Taquara"
371558.472529508,7499198.76097474,371723.633018645,7499027.42865779,"FTJan11","Psidium longipetiolatum",2018-01-28 11:45:00,"39",2018-01-28 12:50:00,"SDTaqJan19",3,229,"Jan",65,01:05:00,"Taquara"
372402.840673328,7500109.51177054,372607.256091326,7499903.14401021,"FTJan12","Allophylus edulis",2018-01-29 07:05:00,"45",2018-01-29 08:25:00,"SDTaqJan20",4,280,"Jan",80,01:20:00,"Taquara"
372402.840673328,7500109.51177054,372607.256091326,7499903.14401021,"FTJan12","Allophylus edulis",2018-01-29 07:05:00,"45",2018-01-29 08:25:00,"SDTaqJan21",5,280,"Jan",80,01:20:00,"Taquara"
372534.851959398,7499955.28447412,372683.969360529,7499826.86328314,"FTJan13","Eugenia brasiliensis",2018-01-29 07:35:00,"46",2018-01-29 08:35:00,"SDTaqJan22",8,191,"Jan",60,01:00:00,"Taquara"
372534.851959398,7499955.28447412,372683.969360529,7499826.86328314,"FTJan13","Eugenia brasiliensis",2018-01-29 07:35:00,"46",2018-01-29 08:35:00,"SDTaqJan23",6,191,"Jan",60,01:00:00,"Taquara"
372919.155870899,7499546.88714035,372973.015029889,7499295.75999306,"FTJan14","Eugenia brasiliensis",2018-01-29 10:00:00,"49",2018-01-29 11:30:00,"SDTaqJan24",4,239,"Jan",90,01:30:00,"Taquara"
372919.155870899,7499546.88714035,372954.959971861,7499265.95494777,"FTJan15","Eugenia brasiliensis",2018-01-29 10:00:00,"49",2018-01-29 11:35:00,"SDTaqJan25",5,263,"Jan",95,01:35:00,"Taquara"
372954.959971861,7499265.95494777,372544.416833425,7499055.87779203,"FTJan16","Ficus enormis",2018-01-29 11:35:00,"50",2018-01-29 14:40:00,"SDTaqJan26",21,455,"Jan",185,03:05:00,"Taquara"
372954.959971861,7499265.95494777,372544.416833425,7499055.87779203,"FTJan16","Ficus enormis",2018-01-29 11:35:00,"50",2018-01-29 14:40:00,"SDTaqJan27",18,455,"Jan",185,03:05:00,"Taquara"
372591.10349098,7499050.16669155,372460.939627307,7499063.11150439,"FTJan17","Eugenia brasiliensis",2018-01-29 13:55:00,"51",2018-01-29 14:50:00,"SDTaqJan28",5,131,"Jan",55,00:55:00,"Taquara"
372591.10349098,7499050.16669155,372460.939627307,7499063.11150439,"FTJan17","Eugenia brasiliensis",2018-01-29 13:55:00,"51",2018-01-29 14:50:00,"SDTaqJan29",5,131,"Jan",55,00:55:00,"Taquara"
371597.058707079,7499309.40333991,371361.904192774,7499513.89673794,"FTJan18","Eugenia brasiliensis",2018-01-29 17:50:00,"53",2018-01-30 07:15:00,"SDTaqJan30",9,302,"Jan",805,13:25:00,"Taquara"
371517.825797884,7499450.60759145,371732.459423068,7499357.82777684,"FTJan21","Campomanesia xanthocarpa",2018-01-31 07:45:00,"65",2018-01-31 08:55:00,"SDTaqJan31",8,231,"Jan",70,01:10:00,"Taquara"
371517.825797884,7499450.60759145,371825.05860719,7499342.804242,"FTJan22","Campomanesia xanthocarpa",2018-01-31 07:45:00,"65",2018-01-31 09:05:00,"SDTaqJan32",9,323,"Jan",80,01:20:00,"Taquara"
372045.012915443,7499720.69227624,372296.474968687,7499843.61311208,"FTJan19","Eugenia brasiliensis",2018-01-30 09:40:00,"57",2018-01-30 11:35:00,"SDTaqJan33",8,276,"Jan",115,01:55:00,"Taquara"
372045.012915443,7499720.69227624,372331.236968719,7499902.5447703,"FTJan20","Eugenia brasiliensis",2018-01-30 09:40:00,"57",2018-01-30 11:50:00,"SDTaqJan34",9,333,"Jan",130,02:10:00,"Taquara"
372077.998424824,7499728.88538116,372296.474968687,7499843.61311208,"FTJan19","Myrceugenia ovata",2018-01-30 10:15:00,"58",2018-01-30 11:35:00,"SDTaqJan35",6,243,"Jan",80,01:20:00,"Taquara"
372077.998424824,7499728.88538116,372331.236968719,7499902.5447703,"FTJan20","Myrceugenia ovata",2018-01-30 10:15:00,"58",2018-01-30 11:50:00,"SDTaqJan36",5,300,"Jan",95,01:35:00,"Taquara"
372095.55516865,7499958.99392469,371630.017539776,7500034.13155286,"FTJan23","Ficus enormis",2018-01-31 15:55:00,"68",2018-01-31 17:35:00,"SDTaqJan37",21,471,"Jan",100,01:40:00,"Taquara"
371163.743836313,7499990.76456059,370937.189796842,7499738.91964558,"FTJan*24","Eugenia brasiliensis",2018-02-01 07:15:00,"69",2018-02-01 08:55:00,"SDTaqJan*38",6,326,"Feb",100,01:40:00,"Taquara"
371154.886663305,7499962.59688246,370937.189796842,7499738.91964558,"FTJan*24","Ficus enormis",2018-02-01 07:30:00,"70",2018-02-01 08:55:00,"SDTaqJan*39",25,301,"Feb",85,01:25:00,"Taquara"
370872.016463054,7499538.61870506,371093.133580213,7499292.62902822,"FTJan*25","Eugenia brasiliensis",2018-02-01 09:25:00,"71",2018-02-01 11:40:00,"SDTaqJan*40",5,318,"Feb",135,02:15:00,"Taquara"
370872.016463054,7499538.61870506,371116.041171591,7499332.85185338,"FTJan*26","Eugenia brasiliensis",2018-02-01 09:25:00,"71",2018-02-01 11:45:00,"SDTaqJan*41",4,310,"Feb",140,02:20:00,"Taquara"
370910.591608923,7499371.50935373,371093.133580213,7499292.62902822,"FTJan*25","Ficus enormis",2018-02-01 10:50:00,"72",2018-02-01 11:40:00,"SDTaqJan*42",21,197,"Feb",50,00:50:00,"Taquara"
370910.591608923,7499371.50935373,371116.041171591,7499332.85185338,"FTJan*26","Ficus enormis",2018-02-01 10:50:00,"72",2018-02-01 11:45:00,"SDTaqJan*43",18,209,"Feb",55,00:55:00,"Taquara"
371347.958546939,7499413.9847387,371523.237433226,7499249.96166441,"FTJan*27","Rhipsalis teres",2018-02-01 13:55:00,"75",2018-02-01 15:40:00,"SDTaqJan*44",32,232,"Feb",105,01:45:00,"Taquara"
372025.891477687,7499747.55056235,371787.867848898,7499703.13990922,"FTJan*28","Campomanesia xanthocarpa",2018-02-02 09:30:00,"80",2018-02-02 11:00:00,"SDTaqJan*45",8,242,"Feb",90,01:30:00,"Taquara"
372025.891477687,7499747.55056235,371668.657736622,7499705.20866731,"FTJan*29","Campomanesia xanthocarpa",2018-02-02 09:30:00,"80",2018-02-02 11:15:00,"SDTaqJan*46",6,359,"Feb",105,01:45:00,"Taquara"
371983.321927561,7499747.20373943,371787.867848898,7499703.13990922,"FTJan*28","Rhipsalis cereuscula",2018-02-02 09:55:00,"81",2018-02-02 11:00:00,"SDTaqJan*47",23,200,"Feb",65,01:05:00,"Taquara"
371983.321927561,7499747.20373943,371668.657736622,7499705.20866731,"FTJan*29","Rhipsalis cereuscula",2018-02-02 09:55:00,"81",2018-02-02 11:15:00,"SDTaqJan*48",31,317,"Feb",80,01:20:00,"Taquara"
371007.162011799,7500179.50492776,371136.603368864,7499972.3271586,"FTJan*30","Rhipsalis teres",2018-02-02 18:05:00,"88",2018-02-03 06:45:00,"SDTaqJan*49",29,232,"Feb",760,12:40:00,"Taquara"
371119.309259532,7499877.91064152,371011.393872752,7499624.62960894,"FTJan*31","Psidium longipetiolatum",2018-02-03 07:10:00,"89",2018-02-03 09:00:00,"SDTaqJan*50",5,259,"Feb",110,01:50:00,"Taquara"
371919.100250889,7499799.59576796,371640.169950321,7499585.13812333,"FTJan*32","Psidium longipetiolatum",2018-02-04 07:20:00,"101",2018-02-04 09:10:00,"SDTaqJan*51",9,343,"Feb",110,01:50:00,"Taquara"
371138.977573303,7499888.54917395,371011.393872752,7499624.62960894,"FTJan*31","Psidium myrtoides",2018-02-03 07:25:00,"90",2018-02-03 09:00:00,"SDTaqJan*52",5,276,"Feb",95,01:35:00,"Taquara"
371000.004806444,7500156.29072537,371122.320263596,7500302.6322416,"FTJan*33","Psidium longipetiolatum",2018-02-04 13:25:00,"105",2018-02-04 14:40:00,"SDTaqJan*53",5,183,"Feb",75,01:15:00,"Taquara"
371000.004806444,7500156.29072537,371177.649514419,7500310.22238556,"FTJan*34","Psidium longipetiolatum",2018-02-04 13:25:00,"105",2018-02-04 14:50:00,"SDTaqJan*54",3,228,"Feb",85,01:25:00,"Taquara"
371122.320263596,7500302.6322416,371122.320263596,7500302.6322416,"FTJan*33","Trichilia pallida",2018-02-04 14:05:00,"106",2018-02-04 14:40:00,"SDTaqJan*55",6,0,"Feb",35,00:35:00,"Taquara"
371122.320263596,7500302.6322416,371177.649514419,7500310.22238556,"FTJan*34","Trichilia pallida",2018-02-04 14:05:00,"106",2018-02-04 14:50:00,"SDTaqJan*56",8,55,"Feb",45,00:45:00,"Taquara"
371200.587322235,7500110.66940433,371272.845281914,7500241.79206253,"FTMar*35","Eugenia brasiliensis",2018-02-28 10:20:00,"110",2018-02-28 11:05:00,"SDTaqMar*57",4,142,"Feb",45,00:45:00,"Taquara"
371200.587322235,7500110.66940433,371272.845281914,7500241.79206253,"FTMar*36","Eugenia brasiliensis",2018-02-28 10:20:00,"110",2018-02-28 11:10:00,"SDTaqMar*58",3,142,"Feb",50,00:50:00,"Taquara"
371202.506746985,7500074.09674918,371272.845281914,7500241.79206253,"FTMar*35","Myrciaria cuspidata",2018-02-28 10:35:00,"111",2018-02-28 11:05:00,"SDTaqMar*59",22,171,"Feb",30,00:30:00,"Taquara"
371202.506746985,7500074.09674918,371272.845281914,7500241.79206253,"FTMar*36","Myrciaria cuspidata",2018-02-28 10:35:00,"111",2018-02-28 11:10:00,"SDTaqMar*60",18,171,"Feb",35,00:35:00,"Taquara"
372077.405948691,7500227.69705196,372195.58083224,7499974.16917379,"FTMar*37","Eugenia punicifolia",2018-02-28 15:45:00,"116",2018-02-28 17:05:00,"SDTaqMar*61",5,263,"Feb",80,01:20:00,"Taquara"
372077.405948691,7500227.69705196,372075.058108566,7499983.50459087,"FTMar*38","Eugenia punicifolia",2018-02-28 15:45:00,"116",2018-02-28 17:45:00,"SDTaqMar*62",4,227,"Feb",120,02:00:00,"Taquara"
372211.177466451,7500019.86071011,372195.58083224,7499974.16917379,"FTMar*37","Ficus enormis",2018-02-28 16:30:00,"117",2018-02-28 17:05:00,"SDTaqMar*63",23,45,"Feb",35,00:35:00,"Taquara"
372211.177466451,7500019.86071011,372075.058108566,7499983.50459087,"FTMar*38","Ficus enormis",2018-02-28 16:30:00,"117",2018-02-28 17:45:00,"SDTaqMar*64",21,140,"Feb",75,01:15:00,"Taquara"
372013.709932961,7499767.54567109,371811.449987075,7499638.96652839,"FTMar*39","Eugenia brasiliensis",2018-03-01 09:30:00,"121",2018-03-01 10:20:00,"SDTaqMar*65",5,235,"Mar",50,00:50:00,"Taquara"
372013.709932961,7499767.54567109,371811.449987075,7499638.96652839,"FTMar*40","Eugenia brasiliensis",2018-03-01 09:30:00,"121",2018-03-01 10:35:00,"SDTaqMar*66",5,235,"Mar",65,01:05:00,"Taquara"
372013.709932961,7499767.54567109,371811.449987075,7499638.96652839,"FTMar*41","Eugenia brasiliensis",2018-03-01 09:30:00,"121",2018-03-01 10:40:00,"SDTaqMar*67",4,235,"Mar",70,01:10:00,"Taquara"
371989.223603147,7499748.33479599,371811.449987075,7499638.96652839,"FTMar*39","Epiphyllum phyllanthus",2018-03-01 09:40:00,"122",2018-03-01 10:20:00,"SDTaqMar*68",31,205,"Mar",40,00:40:00,"Taquara"
371989.223603147,7499748.33479599,371811.449987075,7499638.96652839,"FTMar*40","Epiphyllum phyllanthus",2018-03-01 09:40:00,"122",2018-03-01 10:35:00,"SDTaqMar*69",35,205,"Mar",55,00:55:00,"Taquara"
371989.223603147,7499748.33479599,371811.449987075,7499638.96652839,"FTMar*41","Epiphyllum phyllanthus",2018-03-01 09:40:00,"122",2018-03-01 10:40:00,"SDTaqMar*70",29,205,"Mar",60,01:00:00,"Taquara"
371382.811809801,7499493.45499032,371353.513703447,7499511.31180223,"FTMar*42","Myrcia splendens",2018-03-01 13:20:00,"125",2018-03-01 14:10:00,"SDTaqMar*71",5,34,"Mar",50,00:50:00,"Taquara"
371419.835408656,7499778.82747735,371373.10816739,7499791.11162817,"FTMar*43","Epiphyllum phyllanthus",2018-03-02 08:05:00,"126",2018-03-02 08:55:00,"SDTaqMar*72",38,48,"Mar",50,00:50:00,"Taquara"
371419.835408656,7499778.82747735,371373.10816739,7499791.11162817,"FTMar*44","Epiphyllum phyllanthus",2018-03-02 08:05:00,"126",2018-03-02 09:10:00,"SDTaqMar*73",32,48,"Mar",65,01:05:00,"Taquara"
371373.10816739,7499791.11162817,371246.762425645,7499859.13008121,"FTMar*45","Eugenia punicifolia",2018-03-02 09:15:00,"128",2018-03-02 10:15:00,"SDTaqMar*74",6,141,"Mar",60,01:00:00,"Taquara"
371202.816986091,7499820.13683683,371032.537003878,7499976.70187744,"FTMar*46","Inga marginata",2018-03-02 10:45:00,"129",2018-03-02 12:40:00,"SDTaqMar*75",4,223,"Mar",115,01:55:00,"Taquara"
371295.153015708,7500356.97842639,371531.239913296,7500397.58113777,"FTMar*47","Myrciaria cuspidata",2018-03-02 16:10:00,"135",2018-03-02 17:15:00,"SDTaqMar*76",5,239,"Mar",65,01:05:00,"Taquara"
371587.505693373,7500191.04176809,371457.040791135,7500013.57530072,"FTMay48","Miconia latecrenata",2018-05-02 08:55:00,"140",2018-05-02 09:55:00,"SDTaqMay77",100,210,"May",60,01:00:00,"Taquara"
371481.181936741,7499901.97539832,371601.138573084,7499635.151269,"FTMay49","Aechmea bromeliifolia",2018-05-02 11:10:00,"143",2018-05-02 13:30:00,"SDTaqMay78",8,275,"May",140,02:20:00,"Taquara"
372177.098123179,7499657.47969366,372074.599327474,7499658.64914172,"FTMay50","Inga marginata",2018-05-02 18:10:00,"146",2018-05-03 06:35:00,"SDTaqMay79",4,103,"May",745,12:25:00,"Taquara"
372177.098123179,7499657.47969366,372074.599327474,7499658.64914172,"FTMay51","Inga marginata",2018-05-02 18:10:00,"146",2018-05-03 06:35:00,"SDTaqMay80",3,103,"May",745,12:25:00,"Taquara"
372177.098123179,7499657.47969366,372074.599327474,7499658.64914172,"FTMay52","Inga marginata",2018-05-02 18:10:00,"146",2018-05-03 06:35:00,"SDTaqMay81",4,103,"May",745,12:25:00,"Taquara"
372074.599327474,7499658.64914172,372084.810511658,7499883.47259433,"FTMay53","Miconia latecrenata",2018-05-03 06:35:00,"147",2018-05-03 07:40:00,"SDTaqMay82",100,209,"May",65,01:05:00,"Taquara"
372074.599327474,7499658.64914172,372084.810511658,7499883.47259433,"FTMay54","Miconia latecrenata",2018-05-03 06:35:00,"147",2018-05-03 07:40:00,"SDTaqMay83",100,209,"May",65,01:05:00,"Taquara"
372074.599327474,7499658.64914172,372084.810511658,7499883.47259433,"FTMay55","Miconia latecrenata",2018-05-03 06:35:00,"147",2018-05-03 07:50:00,"SDTaqMay84",100,209,"May",75,01:15:00,"Taquara"
372074.599327474,7499658.64914172,372084.810511658,7499883.47259433,"FTMay56","Miconia latecrenata",2018-05-03 06:35:00,"147",2018-05-03 08:05:00,"SDTaqMay85",100,209,"May",90,01:30:00,"Taquara"
372205.226268266,7500223.46347515,372508.118234145,7500031.47340298,"FTMay57","Inga striata",2018-05-03 10:20:00,"148",2018-05-03 11:25:00,"SDTaqMay86",9,351,"May",65,01:05:00,"Taquara"
372205.226268266,7500223.46347515,372655.211698584,7499902.14541499,"FTMay58","Inga striata",2018-05-03 10:20:00,"148",2018-05-03 11:45:00,"SDTaqMay87",8,540,"May",85,01:25:00,"Taquara"
372293.22177096,7500183.58160638,372508.118234145,7500031.47340298,"FTMay57","Miconia pusilliflora",2018-05-03 10:45:00,"149",2018-05-03 11:25:00,"SDTaqMay88",100,257,"May",40,00:40:00,"Taquara"
372293.22177096,7500183.58160638,372655.211698584,7499902.14541499,"FTMay58","Miconia pusilliflora",2018-05-03 10:45:00,"149",2018-05-03 11:45:00,"SDTaqMay89",100,446,"May",60,01:00:00,"Taquara"
372781.097167232,7499286.44322871,372713.862177053,7499324.7219544,"FTMay59","Myrciaria cuspidata",2018-05-03 13:40:00,"150",2018-05-03 14:50:00,"SDTaqMay90",8,76,"May",70,01:10:00,"Taquara"
372781.097167232,7499286.44322871,372690.939907071,7499292.95401809,"FTMay60","Myrciaria cuspidata",2018-05-03 13:40:00,"150",2018-05-03 14:55:00,"SDTaqMay91",9,90,"May",75,01:15:00,"Taquara"
372781.097167232,7499286.44322871,372713.862177053,7499324.7219544,"FTMay59","Miconia pusilliflora",2018-05-03 14:20:00,"151",2018-05-03 14:50:00,"SDTaqMay92",100,76,"May",30,00:30:00,"Taquara"
372781.097167232,7499286.44322871,372690.939907071,7499292.95401809,"FTMay60","Miconia pusilliflora",2018-05-03 14:20:00,"151",2018-05-03 14:55:00,"SDTaqMay93",100,90,"May",35,00:35:00,"Taquara"
371060.125306959,7500002.62464743,370883.365235201,7499747.23628786,"FTJul61","Psidium cinerum",2018-07-02 08:20:00,"152",2018-07-02 10:10:00,"SDTaqJul94",13,296,"Jul",110,01:50:00,"Taquara"
371060.125306959,7500002.62464743,370871.090050445,7499704.24948388,"FTJul62","Psidium cinerum",2018-07-02 08:20:00,"152",2018-07-02 10:15:00,"SDTaqJul95",10,336,"Jul",115,01:55:00,"Taquara"
370909.386663061,7499486.91365146,371162.396993039,7499438.04029005,"FTJul63","Trichilia pallida",2018-07-02 11:30:00,"154",2018-07-02 13:15:00,"SDTaqJul96",3,257,"Jul",105,01:45:00,"Taquara"
370909.386663061,7499486.91365146,371162.396993039,7499438.04029005,"FTJul64","Trichilia pallida",2018-07-02 11:30:00,"154",2018-07-02 13:15:00,"SDTaqJul97",4,257,"Jul",105,01:45:00,"Taquara"
370909.386663061,7499486.91365146,371291.769365172,7499467.64188144,"FTJul65","Trichilia pallida",2018-07-02 11:30:00,"154",2018-07-02 13:25:00,"SDTaqJul98",6,383,"Jul",115,01:55:00,"Taquara"
371431.349894754,7499376.77858097,371659.539747011,7499235.23705193,"FTJul66","Tapirira guianensis",2018-07-02 14:20:00,"155",2018-07-02 15:20:00,"SDTaqJul99",5,263,"Jul",60,01:00:00,"Taquara"
371431.349894754,7499376.77858097,371659.539747011,7499235.23705193,"FTJul67","Tapirira guianensis",2018-07-02 14:20:00,"155",2018-07-02 15:40:00,"SDTaqJul100",5,263,"Jul",80,01:20:00,"Taquara"
371474.611369137,7499752.52814967,371619.391386481,7499611.30886948,"FTJul68","Psidium cinerum",2018-07-03 07:00:00,"157",2018-07-03 08:40:00,"SDTaqJul101",9,195,"Jul",100,01:40:00,"Taquara"
371474.611369137,7499752.52814967,371686.712365846,7499595.42648866,"FTJul69","Psidium cinerum",2018-07-03 07:00:00,"157",2018-07-03 08:55:00,"SDTaqJul102",10,257,"Jul",115,01:55:00,"Taquara"
371505.628635938,7499817.27651247,371716.799041558,7499538.1236797,"FTJul70","Randia armata",2018-07-03 08:10:00,"160",2018-07-03 09:20:00,"SDTaqJul103",15,334,"Jul",70,01:10:00,"Taquara"
371361.148462046,7499869.29963575,371653.225299664,7499718.18980834,"FTJul71","Cordia ecalyculata",2018-07-04 11:50:00,"167",2018-07-04 13:20:00,"SDTaqJul104",7,324,"Jul",90,01:30:00,"Taquara"
371984.035463227,7499635.12621787,372096.352324696,7500056.5951013,"FTJul72","Cordia ecalyculata",2018-07-04 14:40:00,"170",2018-07-04 15:35:00,"SDTaqJul105",7,407,"Jul",55,00:55:00,"Taquara"
371981.958571203,7499801.35571009,372177.268338162,7499625.13081523,"FTJul75","Vochysia tucanorum",2018-09-16 09:25:00,"182",2018-09-16 11:35:00,"SDTaqJul106",5,255,"Sep",130,02:10:00,"Taquara"
371981.958571203,7499801.35571009,372219.762126208,7499552.56376094,"FTJul76","Vochysia tucanorum",2018-09-16 09:25:00,"182",2018-09-16 11:45:00,"SDTaqJul107",4,331,"Sep",140,02:20:00,"Taquara"
372348.432450258,7499891.73449414,372033.399878427,7499646.91742459,"FTJul73","Cordia ecalyculata",2018-07-05 09:40:00,"175",2018-07-05 11:45:00,"SDTaqJul108",6,388,"Jul",125,02:05:00,"Taquara"
372348.432450258,7499891.73449414,372009.758728739,7499631.15482408,"FTJul74","Cordia ecalyculata",2018-07-05 09:40:00,"175",2018-07-05 11:50:00,"SDTaqJul109",4,417,"Jul",130,02:10:00,"Taquara"
372001.439835798,7499795.67466637,372177.268338162,7499625.13081523,"FTSep75","Aechmea distichantha",2018-09-16 09:40:00,"183",2018-09-16 11:35:00,"SDTaqSep110",9,236,"Sep",115,01:55:00,"Taquara"
372001.439835798,7499795.67466637,372219.762126208,7499552.56376094,"FTSep76","Aechmea distichantha",2018-09-16 09:40:00,"183",2018-09-16 11:45:00,"SDTaqSep111",8,314,"Sep",125,02:05:00,"Taquara"
372303.306876819,7499471.35171743,372370.695589181,7499255.81815986,"FTSep77","Cordia ecalyculata",2018-09-16 12:30:00,"184",2018-09-16 13:55:00,"SDTaqSep112",5,211,"Sep",85,01:25:00,"Taquara"
372303.306876819,7499471.35171743,372409.005247687,7499138.51242574,"FTSep78","Cordia ecalyculata",2018-09-16 12:30:00,"184",2018-09-16 14:15:00,"SDTaqSep113",4,326,"Sep",105,01:45:00,"Taquara"
372320.733426932,7499452.99339503,372370.695589181,7499255.81815986,"FTSep77","Aechmea distichantha",2018-09-16 12:45:00,"185",2018-09-16 13:55:00,"SDTaqSep114",11,190,"Sep",70,01:10:00,"Taquara"
372320.733426932,7499452.99339503,372409.005247687,7499138.51242574,"FTSep78","Aechmea distichantha",2018-09-16 12:45:00,"185",2018-09-16 14:15:00,"SDTaqSep115",7,305,"Sep",90,01:30:00,"Taquara"
372427.95514484,7499318.9286231,372266.725364452,7499390.49205005,"FTSep79","Cordia ecalyculata",2018-09-17 12:10:00,"188",2018-09-17 13:20:00,"SDTaqSep116",10,174,"Sep",70,01:10:00,"Taquara"
372427.95514484,7499318.9286231,372184.660997715,7499443.01749711,"FTSep80","Cordia ecalyculata",2018-09-17 12:10:00,"188",2018-09-17 13:30:00,"SDTaqSep117",9,269,"Sep",80,01:20:00,"Taquara"
371342.078109815,7499506.78581511,371322.413610282,7499736.3352809,"FTSep81","Vochysia tucanorum",2018-09-17 15:45:00,"189",2018-09-18 08:15:00,"SDTaqSep118",4,214,"Sep",990,16:30:00,"Taquara"
371315.914111579,7499520.01860913,371322.413610282,7499736.3352809,"FTSep81","Aechmea bromeliifolia",2018-09-17 16:00:00,"190",2018-09-18 08:15:00,"SDTaqSep119",16,201,"Sep",975,16:15:00,"Taquara"
371292.868403376,7499779.99229943,371472.368281287,7499932.77038923,"FTSep82","Psidium cinerum",2018-09-18 08:35:00,"191",2018-09-18 10:05:00,"SDTaqSep120",14,229,"Sep",90,01:30:00,"Taquara"
371292.868403376,7499779.99229943,371576.673163254,7499986.69798709,"FTSep83","Psidium cinerum",2018-09-18 08:35:00,"191",2018-09-18 10:15:00,"SDTaqSep121",9,343,"Sep",100,01:40:00,"Taquara"
371292.868403376,7499779.99229943,371628.46527263,7499993.26485272,"FTSep84","Psidium cinerum",2018-09-18 08:35:00,"191",2018-09-18 10:20:00,"SDTaqSep122",11,390,"Sep",105,01:45:00,"Taquara"
372062.622025842,7500152.77643864,372101.103063011,7500015.93725465,"FTSep85","Cordia ecalyculata",2018-09-18 12:35:00,"193",2018-09-18 14:40:00,"SDTaqSep123",6,133,"Sep",125,02:05:00,"Taquara"
372062.622025842,7500152.77643864,372089.244389443,7499893.81768811,"FTSep86","Cordia ecalyculata",2018-09-18 12:35:00,"193",2018-09-18 14:55:00,"SDTaqSep124",7,241,"Sep",140,02:20:00,"Taquara"
372109.478736319,7499720.11011596,372301.350254123,7499878.96358212,"FTSep87","Vochysia tucanorum",2018-09-19 08:40:00,"198",2018-09-19 10:05:00,"SDTaqSep125",3,242,"Sep",85,01:25:00,"Taquara"
372109.478736319,7499720.11011596,372364.447041051,7499918.39540859,"FTSep88","Vochysia tucanorum",2018-09-19 08:40:00,"198",2018-09-19 10:15:00,"SDTaqSep126",4,315,"Sep",95,01:35:00,"Taquara"
372125.91711767,7499732.63031897,372301.350254123,7499878.96358212,"FTSep87","Doliocarpus dentatus",2018-09-19 08:55:00,"199",2018-09-19 10:05:00,"SDTaqSep127",7,222,"Sep",70,01:10:00,"Taquara"
372125.91711767,7499732.63031897,372364.447041051,7499918.39540859,"FTSep88","Doliocarpus dentatus",2018-09-19 08:55:00,"199",2018-09-19 10:15:00,"SDTaqSep128",7,294,"Sep",80,01:20:00,"Taquara"
372162.785889305,7499736.59070086,372466.710558425,7499964.94573205,"FTSep89","Psidium cinerum",2018-09-19 09:25:00,"200",2018-09-19 10:55:00,"SDTaqSep129",11,371,"Sep",90,01:30:00,"Taquara"
372608.34611449,7500067.91362211,372846.422955836,7500199.32643443,"FTSep90","Vochysia tucanorum",2018-09-19 11:15:00,"201",2018-09-19 12:35:00,"SDTaqSep130",8,268,"Sep",80,01:20:00,"Taquara"
371814.008834193,7500167.02867319,371706.313637657,7499849.62696198,"FTNov91","Eugenia brasiliensis",2018-11-30 07:40:00,"204",2018-11-30 09:20:00,"SDTaqNov131",4,314,"Nov",100,01:40:00,"Taquara"
371814.008834193,7500167.02867319,371706.72397674,7499826.65255017,"FTNov92","Eugenia brasiliensis",2018-11-30 07:40:00,"204",2018-11-30 09:25:00,"SDTaqNov132",5,334,"Nov",105,01:45:00,"Taquara"
371790.140485573,7500146.64461467,371706.313637657,7499849.62696198,"FTNov91","Campomanesia xanthocarpa",2018-11-30 07:55:00,"205",2018-11-30 09:20:00,"SDTaqNov133",11,288,"Nov",85,01:25:00,"Taquara"
371790.140485573,7500146.64461467,371706.72397674,7499826.65255017,"FTNov92","Campomanesia xanthocarpa",2018-11-30 07:55:00,"205",2018-11-30 09:25:00,"SDTaqNov134",10,309,"Nov",90,01:30:00,"Taquara"
371754.8345142,7500107.42311606,371724.952100329,7499763.28366954,"FTNov93","Doliocarpus dentatus",2018-11-30 08:40:00,"206",2018-11-30 09:50:00,"SDTaqNov135",8,321,"Nov",70,01:10:00,"Taquara"
371706.72397674,7499826.65255017,371692.310604713,7499567.85079443,"FTNov94","Eugenia brasiliensis",2018-11-30 09:25:00,"207",2018-11-30 11:40:00,"SDTaqNov136",5,240,"Nov",135,02:15:00,"Taquara"
371706.72397674,7499826.65255017,371692.310604713,7499567.85079443,"FTNov95","Eugenia brasiliensis",2018-11-30 09:25:00,"207",2018-11-30 11:55:00,"SDTaqNov137",5,240,"Nov",150,02:30:00,"Taquara"
371707.102790043,7499799.21804746,371692.310604713,7499567.85079443,"FTNov94","Eugenia blastantha",2018-11-30 09:40:00,"208",2018-11-30 11:40:00,"SDTaqNov138",4,215,"Nov",120,02:00:00,"Taquara"
371707.102790043,7499799.21804746,371692.310604713,7499567.85079443,"FTNov95","Eugenia blastantha",2018-11-30 09:40:00,"208",2018-11-30 11:55:00,"SDTaqNov139",6,215,"Nov",135,02:15:00,"Taquara"
371641.997611618,7499570.80182522,371590.760916175,7499473.25927236,"FTNov96","Ficus enormis",2018-11-30 12:45:00,"211",2018-11-30 13:55:00,"SDTaqNov140",26,104,"Nov",70,01:10:00,"Taquara"
371590.760916175,7499473.25927236,371354.822715474,7499194.76090984,"FTNov97","Trichilia catigua",2018-11-30 13:45:00,"212",2018-11-30 15:40:00,"SDTaqNov141",6,350,"Nov",115,01:55:00,"Taquara"
371468.178966939,7499280.74400208,372515.785296101,7500373.7413298,"FTNov98","Trichilia catigua",2018-11-30 15:05:00,"215",2018-12-01 07:25:00,"SDTaqNov142",8,1100,"Nov",980,16:20:00,"Taquara"
371468.178966939,7499280.74400208,372515.785296101,7500373.7413298,"FTNov99","Trichilia catigua",2018-11-30 15:05:00,"215",2018-12-01 07:25:00,"SDTaqNov143",8,1100,"Nov",980,16:20:00,"Taquara"
371468.178966939,7499280.74400208,372515.785296101,7500373.7413298,"FTNov100","Trichilia catigua",2018-11-30 15:05:00,"215",2018-12-01 07:25:00,"SDTaqNov144",4,1100,"Nov",980,16:20:00,"Taquara"
372571.734062165,7500325.45327799,372762.617321717,7500194.38904092,"FTDec2018_101","Campomanesia xanthocarpa",2018-12-01 07:40:00,"216",2018-12-01 08:55:00,"SDTaqDec2018_145",11,226,"Dec",75,01:15:00,"Taquara"
372571.734062165,7500325.45327799,372782.649500542,7500161.62278394,"FTDec2018_102","Campomanesia xanthocarpa",2018-12-01 07:40:00,"216",2018-12-01 09:35:00,"SDTaqDec2018_146",10,259,"Dec",115,01:55:00,"Taquara"
372762.617321717,7500194.38904092,372875.066015146,7500001.50578022,"FTDec2018_103","Xylopia brasiliensis",2018-12-01 09:15:00,"219",2018-12-01 11:50:00,"SDTaqDec2018_147",8,211,"Dec",155,02:35:00,"Taquara"
372762.617321717,7500194.38904092,372893.061756695,7499970.40544728,"FTDec2018_104","Xylopia brasiliensis",2018-12-01 09:15:00,"219",2018-12-01 12:20:00,"SDTaqDec2018_148",9,245,"Dec",185,03:05:00,"Taquara"
372782.649500542,7500161.62278394,372875.066015146,7500001.50578022,"FTDec2018_103","Sorocea bonplandii",2018-12-01 09:35:00,"220",2018-12-01 11:50:00,"SDTaqDec2018_149",8,174,"Dec",135,02:15:00,"Taquara"
372782.649500542,7500161.62278394,372893.061756695,7499970.40544728,"FTDec2018_104","Sorocea bonplandii",2018-12-01 09:35:00,"220",2018-12-01 12:20:00,"SDTaqDec2018_150",9,209,"Dec",165,02:45:00,"Taquara"
